2478,안성기,배우,1952.01.01(화),71,자세히
2477,왕종근,방송인,1954.01.01(금),69,자세히
2476,이원종,배우,1966.01.01(토),57,자세히
2475,전혜진,배우,1976.01.01(목),47,자세히
2474,성민,가수,1986.01.01(수),37,자세히
2473,지조,가수,1986.01.01(수),37,자세히
2472,한소영,배우,1987.01.01(목),36,자세히
2471,임종혁,개그맨,1987.01.01(목),36,자세히
2470,최민,배우,1987.01.01(목),36,자세히
2469,박두식,배우,1988.01.01(금),35,자세히
2468,배그린,배우,1989.01.01(일),34,자세히
2467,김추자,가수,1951.01.02(화),72,자세히
2466,정성화,배우,1975.01.02(목),48,자세히
2465,윤세아,배우,1978.01.02(월),45,자세히
2464,김시후,배우,1988.01.02(토),35,자세히
2463,최진희,가수,1957.01.03(목),66,자세히
2462,심형래,개그맨,1958.01.03(금),65,자세히
2461,김용,코미디언,1966.01.03(월),57,자세히
2460,이범수,배우,1970.01.03(토),53,자세히
2459,박솔미,배우,1978.01.03(화),45,자세히
2458,윤형빈,개그맨,1980.01.03(목),43,자세히
2457,박지윤,가수,1982.01.03(일),41,자세히
2456,이완,배우,1984.01.03(화),39,자세히
2455,김태환,개그맨,1985.01.03(목),38,자세히
2454,김옥빈,배우,1987.01.03(토),36,자세히
2453,민희,가수,1993.01.03(일),30,자세히
2452,설현,가수,1995.01.03(화),28,자세히
2451,김동혁,가수,1997.01.03(금),26,자세히
2450,신중현,가수,1938.01.04(화),85,자세히
2449,유정아,방송인,1967.01.04(수),56,자세히
2448,유해진,배우,1970.01.04(일),53,자세히
2447,송은이,방송인,1973.01.04(목),50,자세히
2446,신은정,배우,1974.01.04(금),49,자세히
2445,강혜정,배우,1982.01.04(월),41,자세히
2444,오인혜,배우,1984.01.04(수),39,자세히
2443,장광,배우,1952.01.05(토),71,자세히
2442,김홍파,배우,1962.01.05(금),61,자세히
2441,장서희,배우,1972.01.05(수),51,자세히
2440,민영원,배우,1984.01.05(목),39,자세히
2439,유인영,배우,1984.01.05(목),39,자세히
2438,허각,가수,1985.01.05(토),38,자세히
2437,윤소이,배우,1985.01.05(토),38,자세히
2436,이국주,개그우먼,1986.01.05(일),37,자세히
2435,이랑,가수,1986.01.05(일),37,자세히
2434,양요섭,가수,1990.01.05(금),33,자세히
2433,박인환,배우,1945.01.06(토),78,자세히
2432,강인원,가수,1956.01.06(금),67,자세히
2431,홍륜의,배우,1963.01.06(일),60,자세히
2430,최성훈,개그맨,1964.01.06(월),59,자세히
2429,데프콘,가수,1977.01.06(목),46,자세히
2428,서효림,배우,1985.01.06(일),38,자세히
2427,김현식,가수,1958.01.07(화),65,자세히
2426,이효정,배우,1961.01.07(토),62,자세히
2425,금보라,배우,1961.01.07(토),62,자세히
2424,우순실,가수,1963.01.07(월),60,자세히
2423,하재숙,배우,1979.01.07(일),44,자세히
2422,장효인,개그우먼,1983.01.07(금),40,자세히
2421,공현주,배우,1984.01.07(토),39,자세히
2420,신다은,배우,1985.01.07(월),38,자세히
2419,정다혜,배우,1987.01.07(수),36,자세히
2418,송해나,모델,1987.01.07(수),36,자세히
2417,임주은,배우,1988.01.07(목),35,자세히
2416,안우연,배우,1991.01.07(월),32,자세히
2415,이선빈,배우,1994.01.07(금),29,자세히
2414,박소은,배우,1996.01.07(일),27,자세히
2413,서유석,가수,1945.01.08(월),78,자세히
2412,박진희,배우,1978.01.08(일),45,자세히
2411,박그리나,배우,1985.01.08(화),38,자세히
2410,이이경,배우,1989.01.08(일),34,자세히
2409,이찬호,배우,1989.01.08(일),34,자세히
2408,장계현,가수,1950.01.09(월),73,자세히
2407,장두이,배우,1952.01.09(수),71,자세히
2406,곽인호,배우,1963.01.09(수),60,자세히
2405,박성웅,배우,1973.01.09(화),50,자세히
2404,우기홍,배우,1973.01.09(화),50,자세히
2403,이연희,배우,1988.01.09(토),35,자세히
2402,선동열,선수,1963.01.10(목),60,자세히
2401,김희원,배우,1971.01.10(일),52,자세히
2400,최원영,배우,1976.01.10(토),47,자세히
2399,이기찬,가수,1979.01.10(수),44,자세히
2398,솔지,가수,1989.01.10(화),34,자세히
2397,홍현호,개그맨,1992.01.10(금),31,자세히
2396,손예진,배우,1982.01.11(월),41,자세히
2395,제이켠,가수,1985.01.11(금),38,자세히
2394,김영광,배우,1987.01.11(일),36,자세히
2393,최완수,가수,1987.01.11(일),36,자세히
2392,이승훈,가수,1992.01.11(토),31,자세히
2391,양현모,배우,1999.01.11(월),24,자세히
2390,최무성,배우,1968.01.12(금),55,자세히
2389,정재형,가수,1970.01.12(월),53,자세히
2388,임채원,배우,1972.01.12(수),51,자세히
2387,바비킴,가수,1973.01.12(금),50,자세히
2386,황세옥,가수,1974.01.12(토),49,자세히
2385,문정희,배우,1976.01.12(월),47,자세히
2384,심형탁,배우,1978.01.12(목),45,자세히
2383,이보영,배우,1979.01.12(금),44,자세히
2382,디오,가수,1993.01.12(화),30,자세히
2381,영비,가수,1999.01.12(화),24,자세히
2380,왕룡,배우,1960.01.13(수),63,자세히
2379,김건모,가수,1968.01.13(토),55,자세히
2378,강성진,배우,1971.01.13(수),52,자세히
2377,박진영,가수,1972.01.13(목),51,자세히
2376,엄다혜,배우,1977.01.13(목),46,자세히
2375,정문성,배우,1981.01.13(화),42,자세히
2374,이정규,개그맨,1986.01.13(월),37,자세히
2373,이승기,가수,1987.01.13(화),36,자세히
2372,구하라,가수,1991.01.13(일),32,자세히
2371,엄상미,모델,1992.01.13(월),31,자세히
2370,심양홍,배우,1944.01.14(금),79,자세히
2369,배일집,개그맨,1947.01.14(화),76,자세히
2368,개코,가수,1981.01.14(수),42,자세히
2367,정우,배우,1981.01.14(수),42,자세히
2366,배정화,배우,1985.01.14(월),38,자세히
2365,김보아,가수,1987.01.14(수),36,자세히
2364,김혜성,배우,1988.01.14(목),35,자세히
2363,KAI,가수,1994.01.14(금),29,자세히
2362,김창숙,배우,1949.01.15(토),74,자세히
2361,신동훈,배우,1953.01.15(목),70,자세히
2360,김정렬,개그맨,1961.01.15(일),62,자세히
2359,진재영,배우,1977.01.15(토),46,자세히
2358,임은경,배우,1984.01.15(일),39,자세히
2357,클라라,배우,1985.01.15(화),38,자세히
2356,곽시양,배우,1987.01.15(목),36,자세히
2355,준케이,가수,1988.01.15(금),35,자세히
2354,심혜진,배우,1967.01.16(월),56,자세히
2353,남상아,가수,1973.01.16(화),50,자세히
2352,변승윤,개그맨,1976.01.16(금),47,자세히
2351,이민기,배우,1985.01.16(수),38,자세히
2350,이문세,가수,1957.01.17(목),66,자세히
2349,송강호,배우,1967.01.17(화),56,자세히
2348,윤유선,배우,1969.01.17(금),54,자세히
2347,환희,가수,1982.01.17(일),41,자세히
2346,최성원,배우,1985.01.17(목),38,자세히
2345,강인,가수,1985.01.17(목),38,자세히
2344,찬희,배우,2000.01.17(월),23,자세히
2343,사무엘,가수,2002.01.17(목),21,자세히
2342,윤문식,배우,1943.01.18(월),80,자세히
2341,최병서,개그맨,1958.01.18(토),65,자세히
2340,박철민,배우,1967.01.18(수),56,자세히
2339,강동원,배우,1981.01.18(일),42,자세히
2338,정유미,배우,1983.01.18(화),40,자세히
2337,김현우,배우,1985.01.18(금),38,자세히
2336,윤세인,배우,1987.01.18(일),36,자세히
2335,강지영,배우,1994.01.18(화),29,자세히
2334,신예은,배우,1998.01.18(일),25,자세히
2333,박원숙,배우,1949.01.19(수),74,자세히
2332,김승현,방송인,1960.01.19(화),63,자세히
2331,박광정,배우,1962.01.19(금),61,자세히
2330,노정렬,개그맨,1971.01.19(화),52,자세히
2329,신영일,방송인,1973.01.19(금),50,자세히
2328,김창렬,가수,1974.01.19(토),49,자세히
2327,박준서,배우,1974.01.19(토),49,자세히
2326,현성,배우,1976.01.19(월),47,자세히
2325,현아,가수,1987.01.19(월),36,자세히
2324,정운용,배우,1948.01.20(화),75,자세히
2323,정웅인,배우,1971.01.20(수),52,자세히
2322,하동준,배우,1975.01.20(월),48,자세히
2321,김인권,배우,1978.01.20(금),45,자세히
2320,추자현,배우,1979.01.20(토),44,자세히
2319,김정훈,가수,1980.01.20(일),43,자세히
2318,김철민,개그맨,1984.01.20(금),39,자세히
2317,앤디,가수,1981.01.21(수),42,자세히
2316,정려원,배우,1981.01.21(수),42,자세히
2315,진원,가수,1989.01.21(토),34,자세히
2314,강승윤,가수,1994.01.21(금),29,자세히
2313,김광석,가수,1964.01.22(수),59,자세히
2312,산이,가수,1985.01.23(수),38,자세히
2311,하남석,가수,1949.01.24(월),74,자세히
2310,임예진,배우,1960.01.24(일),63,자세히
2309,유호정,배우,1969.01.24(금),54,자세히
2308,돈스파이크,가수,1977.01.24(월),46,자세히
2307,송창의,배우,1979.01.24(수),44,자세히
2306,김민석,배우,1990.01.24(수),33,자세히
2305,이수미,가수,1952.01.25(금),71,자세히
2304,이창환,배우,1952.01.25(금),71,자세히
2303,리마리오,배우,1972.01.25(화),51,자세히
2302,장자연,배우,1980.01.25(금),43,자세히
2301,황정음,배우,1985.01.25(금),38,자세히
2300,수현,배우,1985.01.25(금),38,자세히
2299,준호,가수,1990.01.25(목),33,자세히
2298,박해일,배우,1977.01.26(수),46,자세히
2297,김범수,가수,1979.01.26(금),44,자세히
2296,곽현화,개그우먼,1981.01.26(월),42,자세히
2295,김재중,가수,1986.01.26(일),37,자세히
2294,진기주,배우,1989.01.26(목),34,자세히
2293,문빈,가수,1998.01.26(월),25,자세히
2292,정찬우,가수,1998.01.26(월),25,자세히
2291,최종원,배우,1950.01.27(금),73,자세히
2290,한영숙,배우,1951.01.27(토),72,자세히
2289,유지인,배우,1956.01.27(금),67,자세히
2288,이병준,배우,1964.01.27(월),59,자세히
2287,박상면,배우,1968.01.27(토),55,자세히
2286,임호,배우,1970.01.27(화),53,자세히
2285,최은경,배우,1973.01.27(토),50,자세히
2284,안정환,방송인,1976.01.27(화),47,자세히
2283,조PD,가수,1976.01.27(화),47,자세히
2282,현미,가수,1938.01.28(금),85,자세히
2281,전유성,개그맨,1949.01.28(금),74,자세히
2280,박해미,배우,1964.01.28(화),59,자세히
2279,이유리,배우,1980.01.28(월),43,자세히
2278,최종률,배우,1950.01.29(일),73,자세히
2277,김성희,가수,1959.01.29(목),64,자세히
2276,사준,가수,1975.01.29(수),48,자세히
2275,더콰이엇,가수,1985.01.29(화),38,자세히
2274,안세하,배우,1986.01.29(수),37,자세히
2273,이대휘,가수,2001.01.29(월),22,자세히
2272,한돌,가수,1953.01.30(금),70,자세히
2271,유현상,가수,1954.01.30(토),69,자세히
2270,이서진,배우,1971.01.30(토),52,자세히
2269,유하준,배우,1979.01.30(화),44,자세히
2268,팝핀현준,가수,1979.01.30(화),44,자세히
2267,유하준,배우,1979.01.30(화),44,자세히
2266,김신영,배우,1984.01.30(월),39,자세히
2265,김유나,가수,1986.01.30(목),37,자세히
2264,건우,가수,1989.01.30(월),34,자세히
2263,백성현,배우,1989.01.30(월),34,자세히
2262,강한나,배우,1989.01.30(월),34,자세히
2261,이영애,배우,1971.01.31(일),52,자세히
2260,심이영,배우,1980.01.31(목),43,자세히
2259,금단비,가수,1989.01.31(화),34,자세히
2258,이병철,배우,1949.02.01(화),74,자세히
2257,배일호,가수,1957.02.01(금),66,자세히
2256,변우민,배우,1965.02.01(월),58,자세히
2255,정선희,개그우먼,1972.02.01(화),51,자세히
2254,예지원,배우,1973.02.01(목),50,자세히
2253,황석정,배우,1971.02.02(화),52,자세히
2252,이아립,가수,1974.02.02(토),49,자세히
2251,이지아,배우,1978.02.02(목),45,자세히
2250,한가인,배우,1982.02.02(화),41,자세히
2249,간미연,가수,1982.02.02(화),41,자세히
2248,김하경,배우,1984.02.02(목),39,자세히
2247,빅토리아,가수,1987.02.02(월),36,자세히
2246,정하나,가수,1990.02.02(금),33,자세히
2245,홍종현,배우,1990.02.02(금),33,자세히
2244,피오,가수,1993.02.02(화),30,자세히
2243,현진영,가수,1971.02.03(수),52,자세히
2242,홍석천,배우,1971.02.03(수),52,자세히
2241,윤도현,가수,1972.02.03(목),51,자세히
2240,장은비,배우,1973.02.03(토),50,자세히
2239,김제동,방송인,1974.02.03(일),49,자세히
2238,김준,배우,1984.02.03(금),39,자세히
2237,규현,가수,1988.02.03(수),35,자세히
2236,표예진,배우,1992.02.03(월),31,자세히
2235,김지범,가수,1999.02.03(수),24,자세히
2234,박노식,배우,1930.02.04(화),93,자세히
2233,권은수,배우,1989.02.04(토),34,자세히
2232,미람,배우,1989.02.04(토),34,자세히
2231,홍여진,배우,1958.02.05(수),65,자세히
2230,김지선,개그우먼,1972.02.05(토),51,자세히
2229,이언,배우,1981.02.05(목),42,자세히
2228,휘성,가수,1982.02.05(금),41,자세히
2227,민효린,가수,1986.02.05(수),37,자세히
2226,박건태,배우,1996.02.05(월),27,자세히
2225,지성,가수,2002.02.05(화),21,자세히
2224,백남봉,방송인,1939.02.06(월),84,자세히
2223,윤수일,가수,1955.02.06(일),68,자세히
2222,김국진,개그맨,1965.02.06(토),58,자세히
2221,강지섭,배우,1981.02.06(금),42,자세히
2220,허미영,개그우먼,1982.02.06(토),41,자세히
2219,유노윤호,가수,1986.02.06(목),37,자세히
2218,홍리나,배우,1968.02.07(수),55,자세히
2217,윤석주,개그맨,1974.02.07(목),49,자세히
2216,김인석,개그맨,1980.02.07(목),43,자세히
2215,이정현,가수,1980.02.07(목),43,자세히
2214,손석구,배우,1983.02.07(월),40,자세히
2213,이준,배우,1988.02.07(일),35,자세히
2212,김진환,가수,1994.02.07(월),29,자세히
2211,강부자,배우,1941.02.08(토),82,자세히
2210,김성령,배우,1967.02.08(수),56,자세히
2209,윤정수,개그맨,1972.02.08(화),51,자세히
2208,오승은,배우,1979.02.08(목),44,자세히
2207,민우,가수,1985.02.08(금),38,자세히
2206,임한별,가수,1989.02.08(수),34,자세히
2205,백진희,배우,1990.02.08(목),33,자세히
2204,남우현,가수,1991.02.08(금),32,자세히
2203,송윤형,가수,1995.02.08(수),28,자세히
2202,최성원,가수,1954.02.09(화),69,자세히
2201,홍경민,가수,1976.02.09(월),47,자세히
2200,차현우,배우,1980.02.09(토),43,자세히
2199,한경,가수,1984.02.09(목),39,자세히
2198,유다인,배우,1984.02.09(목),39,자세히
2197,최진혁,배우,1986.02.09(일),37,자세히
2196,이센스,가수,1987.02.09(월),36,자세히
2195,청하,가수,1996.02.09(금),27,자세히
2194,마흥식,배우,1948.02.10(화),75,자세히
2193,최화정,배우,1961.02.10(금),62,자세히
2192,이경실,개그우먼,1966.02.10(목),57,자세히
2191,지석진,가수,1966.02.10(목),57,자세히
2190,이주노,가수,1967.02.10(금),56,자세히
2189,이수근,개그맨,1975.02.10(월),48,자세히
2188,조은지,배우,1981.02.10(화),42,자세히
2187,조여정,배우,1981.02.10(화),42,자세히
2186,하석진,배우,1982.02.10(수),41,자세히
2185,박은석,배우,1984.02.10(금),39,자세히
2184,김효진,배우,1984.02.10(금),39,자세히
2183,수영,배우,1990.02.10(토),33,자세히
2182,나훈아,가수,1947.02.11(화),76,자세히
2181,전광렬,배우,1960.02.11(목),63,자세히
2180,박소현,배우,1971.02.11(목),52,자세히
2179,이승준,배우,1973.02.11(일),50,자세히
2178,전도연,배우,1973.02.11(일),50,자세히
2177,유선,배우,1976.02.11(수),47,자세히
2176,문천식,개그맨,1977.02.11(금),46,자세히
2175,한경록,가수,1977.02.11(금),46,자세히
2174,화요비,가수,1982.02.11(목),41,자세히
2173,허민,개그우먼,1986.02.11(화),37,자세히
2172,폴킴,가수,1988.02.11(목),35,자세히
2171,고아라,배우,1990.02.11(일),33,자세히
2170,찬성,가수,1990.02.11(일),33,자세히
2169,김동준,가수,1992.02.11(화),31,자세히
2168,로제,가수,1997.02.11(화),26,자세히
2167,디노,가수,1999.02.11(목),24,자세히
2166,김애경,배우,1950.02.12(일),73,자세히
2165,김응수,배우,1961.02.12(일),62,자세히
2164,김세준,배우,1963.02.12(화),60,자세히
2163,김학도,방송인,1970.02.12(목),53,자세히
2162,원기준,배우,1974.02.12(화),49,자세히
2161,조태관,배우,1986.02.12(수),37,자세히
2160,박보영,배우,1990.02.12(월),33,자세히
2159,소유,가수,1992.02.12(수),31,자세히
2158,달수빈,가수,1994.02.12(토),29,자세히
2157,이상원,가수,1965.02.13(토),58,자세히
2156,양원경,개그맨,1968.02.13(화),55,자세히
2155,김종석,개그맨,1976.02.13(금),47,자세히
2154,이상우,배우,1980.02.13(수),43,자세히
2153,곽지민,배우,1985.02.13(수),38,자세히
2152,박기웅,배우,1985.02.13(수),38,자세히
2151,강아솔,가수,1987.02.13(금),36,자세히
2150,강윤,배우,1989.02.13(월),34,자세히
2149,이윤석,개그맨,1972.02.14(월),51,자세히
2148,이윤석,개그맨,1972.02.14(월),51,자세히
2147,김성민,배우,1973.02.14(수),50,자세히
2146,이승윤,개그맨,1977.02.14(월),46,자세히
2145,유건형,가수,1979.02.14(수),44,자세히
2144,성훈,배우,1983.02.14(월),40,자세히
2143,이해리,가수,1985.02.14(목),38,자세히
2142,홍경,배우,1996.02.14(수),27,자세히
2141,박종관,배우,1946.02.15(금),77,자세히
2140,신형원,가수,1958.02.15(토),65,자세히
2139,서경석,개그맨,1972.02.15(화),51,자세히
2138,신은경,배우,1973.02.15(목),50,자세히
2137,진태현,배우,1981.02.15(일),42,자세히
2136,홍수현,배우,1981.02.15(일),42,자세히
2135,윤종훈,배우,1984.02.15(수),39,자세히
2134,라비,가수,1993.02.15(월),30,자세히
2133,진세연,배우,1994.02.15(화),29,자세히
2132,고민시,배우,1995.02.15(수),28,자세히
2131,고은아,배우,1946.02.16(토),77,자세히
2130,신대철,가수,1967.02.16(목),56,자세히
2129,김정학,배우,1972.02.16(수),51,자세히
2128,김원준,가수,1973.02.16(금),50,자세히
2127,에릭,가수,1979.02.16(금),44,자세히
2126,장윤정,가수,1980.02.16(토),43,자세히
2125,허경환,개그맨,1981.02.16(월),42,자세히
2124,이민정,배우,1982.02.16(화),41,자세히
2123,오종혁,가수,1983.02.16(수),40,자세히
2122,김수현,배우,1988.02.16(화),35,자세히
2121,김예은,배우,1989.02.16(목),34,자세히
2120,서영주,배우,1998.02.16(월),25,자세히
2119,이세창,배우,1970.02.17(화),53,자세히
2118,신동엽,개그맨,1971.02.17(수),52,자세히
2117,하리수,가수,1975.02.17(월),48,자세히
2116,홍은희,배우,1980.02.17(일),43,자세히
2115,장신영,배우,1984.02.17(금),39,자세히
2114,이보람,가수,1987.02.17(화),36,자세히
2113,용희,가수,2000.02.17(목),23,자세히
2112,임선택,가수,1954.02.18(목),69,자세히
2111,김재원,배우,1981.02.18(수),42,자세히
2110,송재림,배우,1985.02.18(월),38,자세히
2109,박성훈,배우,1985.02.18(월),38,자세히
2108,최강창민,가수,1988.02.18(목),35,자세히
2107,길학미,가수,1989.02.18(토),34,자세히
2106,강소라,배우,1990.02.18(일),33,자세히
2105,박신혜,배우,1990.02.18(일),33,자세히
2104,제이홉,가수,1994.02.18(금),29,자세히
2103,이창훈,개그맨,1955.02.19(토),68,자세히
2102,박순천,배우,1961.02.19(일),62,자세히
2101,최우재,배우,1974.02.19(화),49,자세히
2100,윤희석,배우,1975.02.19(수),48,자세히
2099,서지원,가수,1976.02.19(목),47,자세히
2098,이천희,배우,1979.02.19(월),44,자세히
2097,곽한구,개그맨,1982.02.19(금),41,자세히
2096,이엘리야,배우,1990.02.19(월),33,자세히
2095,샘김,가수,1998.02.19(목),25,자세히
2094,전양자,배우,1942.02.20(금),81,자세히
2093,손지창,가수,1970.02.20(금),53,자세히
2092,김진수,개그맨,1971.02.20(토),52,자세히
2091,장기하,가수,1982.02.20(토),41,자세히
2090,정혜선,배우,1942.02.21(토),81,자세히
2089,유혜영,배우,1956.02.21(화),67,자세히
2088,서태지,가수,1972.02.21(월),51,자세히
2087,박은혜,배우,1978.02.21(화),45,자세히
2086,김하늘,배우,1978.02.21(화),45,자세히
2085,윤주희,배우,1985.02.21(목),38,자세히
2084,정준영,가수,1989.02.21(화),34,자세히
2083,강하늘,배우,1990.02.21(수),33,자세히
2082,최정훈,배우,1940.02.22(목),83,자세히
2081,장항선,배우,1947.02.22(토),76,자세히
2080,송창식,가수,1947.02.22(토),76,자세히
2079,한춘일,배우,1951.02.22(목),72,자세히
2078,이계영,배우,1953.02.22(일),70,자세히
2077,김창완,가수,1954.02.22(월),69,자세히
2076,채유미,배우,1967.02.22(수),56,자세히
2075,이나영,배우,1979.02.22(목),44,자세히
2074,최은주,배우,1979.02.22(목),44,자세히
2073,양선일,개그맨,1979.02.22(목),44,자세히
2072,강성훈,가수,1980.02.22(금),43,자세히
2071,정한비,배우,1986.02.22(토),37,자세히
2070,최다니엘,배우,1986.02.22(토),37,자세히
2069,한효주,배우,1987.02.22(일),36,자세히
2068,고우리,가수,1988.02.22(월),35,자세히
2067,남주혁,배우,1994.02.22(화),29,자세히
2066,김종서,가수,1965.02.23(화),58,자세히
2065,신윤철,가수,1969.02.23(일),54,자세히
2064,김대령,배우,1977.02.23(수),46,자세히
2063,정유미,배우,1984.02.23(목),39,자세히
2062,케빈,가수,1988.02.23(화),35,자세히
2061,정가람,배우,1993.02.23(화),30,자세히
2060,김동현,가수,1999.02.23(화),24,자세히
2059,이영화,가수,1958.02.24(월),65,자세히
2058,김한국,개그맨,1961.02.24(금),62,자세히
2057,김승우,배우,1969.02.24(월),54,자세히
2056,백재현,개그맨,1970.02.24(화),53,자세히
2055,이영진,모델,1981.02.24(화),42,자세히
2054,조문근,가수,1985.02.24(일),38,자세히
2053,김규종,가수,1987.02.24(화),36,자세히
2052,장인섭,배우,1987.02.24(화),36,자세히
2051,나혜미,배우,1991.02.24(일),32,자세히
2050,최무룡,배우,1928.02.25(토),95,자세히
2049,여운계,배우,1940.02.25(일),83,자세히
2048,서수남,가수,1943.02.25(목),80,자세히
2047,김영철,배우,1953.02.25(수),70,자세히
2046,권혁호,배우,1961.02.25(토),62,자세히
2045,임상아,가수,1973.02.25(일),50,자세히
2044,라키,가수,1999.02.25(목),24,자세히
2043,오재미,개그맨,1956.02.26(일),67,자세히
2042,오정세,배우,1977.02.26(토),46,자세히
2041,서은아,배우,1989.02.26(일),34,자세히
2040,유승우,가수,1997.02.26(수),26,자세히
2039,승훈,가수,1999.02.26(금),24,자세히
2038,기정수,배우,1949.02.27(일),74,자세히
2037,장희수,배우,1963.02.27(수),60,자세히
2036,조장혁,가수,1973.02.27(화),50,자세히
2035,오세정,배우,1975.02.27(목),48,자세히
2034,지성,배우,1977.02.27(일),46,자세히
2033,윤민수,가수,1980.02.27(수),43,자세히
2032,이진성,가수,1985.02.27(수),38,자세히
2031,조성윤,배우,1985.02.27(수),38,자세히
2030,서현진,배우,1985.02.27(수),38,자세히
2029,노희지,배우,1988.02.27(토),35,자세히
2028,이채원,배우,1989.02.27(월),34,자세히
2027,공승연,배우,1993.02.27(토),30,자세히
2026,패티김,가수,1938.02.28(월),85,자세히
2025,김홍조,가수,1951.02.28(수),72,자세히
2024,이봉걸,선수,1957.02.28(목),66,자세히
2023,김종국,개그맨,1963.02.28(목),60,자세히
2022,강애심,배우,1963.02.28(목),60,자세히
2021,정찬우,개그맨,1968.02.28(수),55,자세히
2020,이적,가수,1974.02.28(목),49,자세히
2019,고서희,배우,1977.02.28(월),46,자세히
2018,김민수,개그맨,1979.02.28(수),44,자세히
2017,바다,가수,1980.02.28(목),43,자세히
2016,최태환,배우,1989.02.28(화),34,자세히
2015,정하담,배우,1994.02.28(월),29,자세히
2014,장웅,개그맨,1972.02.29(화),51,자세히
2013,이화선,모델,1980.02.29(금),43,자세히
2012,비지,가수,1980.02.29(금),43,자세히
2011,손수현,배우,1988.02.29(월),35,자세히
2010,윤일봉,배우,1934.03.01(목),89,자세히
2009,조재훈,배우,1950.03.01(수),73,자세히
2008,주병진,방송인,1959.03.01(일),64,자세히
2007,마동석,배우,1971.03.01(월),52,자세히
2006,김혜은,배우,1973.03.01(목),50,자세히
2005,호산,배우,1974.03.01(금),49,자세히
2004,백승현,배우,1975.03.01(토),48,자세히
2003,김민희,배우,1982.03.01(월),41,자세히
2002,김그림,가수,1987.03.01(일),36,자세히
2001,김소혜,배우,1992.03.01(일),31,자세히
2000,송민형,배우,1954.03.02(화),69,자세히
1999,문용민,배우,1958.03.02(일),65,자세히
1998,박진성,배우,1963.03.02(토),60,자세히
1997,정원관,가수,1965.03.02(화),58,자세히
1996,고현정,배우,1971.03.02(화),52,자세히
1995,박윤선,배우,1973.03.02(금),50,자세히
1994,이선균,배우,1975.03.02(일),48,자세히
1993,김구,가수,1977.03.02(수),46,자세히
1992,이하늬,배우,1983.03.02(수),40,자세히
1991,이홍기,가수,1990.03.02(금),33,자세히
1990,서은수,배우,1994.03.02(수),29,자세히
1989,김영대,배우,1996.03.02(토),27,자세히
1988,김용림,배우,1940.03.03(일),83,자세히
1987,노사연,가수,1957.03.03(일),66,자세히
1986,임혁필,개그맨,1972.03.03(금),51,자세히
1985,최귀화,배우,1978.03.03(금),45,자세히
1984,유진,배우,1981.03.03(화),42,자세히
1983,성유리,배우,1981.03.03(화),42,자세히
1982,퓨어킴,가수,1986.03.03(월),37,자세히
1981,이다윗,배우,1994.03.03(목),29,자세히
1980,정민아,배우,1994.03.03(목),29,자세히
1979,김예령,배우,1966.03.04(금),57,자세히
1978,김정은,배우,1974.03.04(월),49,자세히
1977,정다빈,배우,1980.03.04(화),43,자세히
1976,전태수,배우,1984.03.04(일),39,자세히
1975,박민영,배우,1986.03.04(화),37,자세히
1974,남보원,배우,1936.03.05(목),87,자세히
1973,오지명,배우,1939.03.05(일),84,자세히
1972,서승현,배우,1943.03.05(금),80,자세히
1971,이영하,배우,1950.03.05(일),73,자세히
1970,강문영,배우,1966.03.05(토),57,자세히
1969,도지원,배우,1966.03.05(토),57,자세히
1968,이현진,배우,1985.03.05(화),38,자세히
1967,추수현,배우,1988.03.05(토),35,자세히
1966,정다솔,배우,1989.03.05(일),34,자세히
1965,예리,가수,1999.03.05(금),24,자세히
1964,이현우,가수,1966.03.06(일),57,자세히
1963,이옥주,개그우먼,1969.03.06(목),54,자세히
1962,라미란,배우,1975.03.06(목),48,자세히
1961,정준,배우,1979.03.06(화),44,자세히
1960,초아,가수,1990.03.06(화),33,자세히
1959,황인성,배우,1964.03.07(토),59,자세히
1958,이연수,배우,1970.03.07(토),53,자세히
1957,장동건,배우,1972.03.07(화),51,자세히
1956,이장우,가수,1973.03.07(수),50,자세히
1955,김지훈,배우,1979.03.07(수),44,자세히
1954,박혁민,배우,1979.03.07(수),44,자세히
1953,김희진,배우,1988.03.07(월),35,자세히
1952,최종훈,가수,1990.03.07(수),33,자세히
1951,이주실,배우,1944.03.08(수),79,자세히
1950,김찬우,배우,1967.03.08(수),56,자세히
1949,윤지성,가수,1991.03.08(금),32,자세히
1948,윤복희,가수,1946.03.09(토),77,자세히
1947,김현균,배우,1974.03.09(토),49,자세히
1946,사이먼도미닉,가수,1984.03.09(금),39,자세히
1945,태연,가수,1989.03.09(목),34,자세히
1944,정연주,배우,1990.03.09(금),33,자세히
1943,박유환,배우,1991.03.09(토),32,자세히
1942,슈가,가수,1993.03.09(화),30,자세히
1941,주학년,가수,1999.03.09(화),24,자세히
1940,전소미,가수,2001.03.09(금),22,자세히
1939,송재호,배우,1937.03.10(수),86,자세히
1938,이승호,배우,1947.03.10(월),76,자세히
1937,엄유신,배우,1951.03.10(토),72,자세히
1936,박영지,배우,1951.03.10(토),72,자세히
1935,박미선,방송인,1967.03.10(금),56,자세히
1934,한고은,배우,1975.03.10(월),48,자세히
1933,윤이지,가수,1975.03.10(월),48,자세히
1932,이건주,배우,1981.03.10(화),42,자세히
1931,임유진,배우,1981.03.10(화),42,자세히
1930,류현경,배우,1983.03.10(목),40,자세히
1929,장도연,개그우먼,1985.03.10(일),38,자세히
1928,여지,배우,1987.03.10(화),36,자세히
1927,미르,가수,1991.03.10(일),32,자세히
1926,조정은,배우,1996.03.10(일),27,자세히
1925,박형선,배우,1974.03.11(월),49,자세히
1924,김윤아,가수,1974.03.11(월),49,자세히
1923,조성모,가수,1977.03.11(금),46,자세히
1922,하정우,배우,1978.03.11(토),45,자세히
1921,박정자,배우,1942.03.12(목),81,자세히
1920,한대수,가수,1948.03.12(금),75,자세히
1919,손범수,방송인,1964.03.12(목),59,자세히
1918,이상은,가수,1970.03.12(목),53,자세히
1917,남궁민,배우,1978.03.12(일),45,자세히
1916,최규진,배우,1996.03.12(화),27,자세히
1915,김수희,가수,1953.03.13(금),70,자세히
1914,배기성,가수,1972.03.13(월),51,자세히
1913,정태호,개그맨,1978.03.13(월),45,자세히
1912,김남길,배우,1981.03.13(금),42,자세히
1911,이수경,배우,1982.03.13(토),41,자세히
1910,이준혁,배우,1984.03.13(화),39,자세히
1909,윤서진,배우,1988.03.13(일),35,자세히
1908,정주연,배우,1989.03.13(월),34,자세히
1907,권나라,배우,1991.03.13(수),32,자세히
1906,엘,가수,1992.03.13(금),31,자세히
1905,한진희,배우,1949.03.14(월),74,자세히
1904,박성호,개그맨,1974.03.14(목),49,자세히
1903,강경헌,배우,1975.03.14(금),48,자세히
1902,문희준,가수,1978.03.14(화),45,자세히
1901,이동윤,개그맨,1979.03.14(수),44,자세히
1900,박지빈,배우,1995.03.14(화),28,자세히
1899,양재성,배우,1945.03.15(목),78,자세히
1898,정재순,배우,1947.03.15(토),76,자세히
1897,양현경,가수,1958.03.15(토),65,자세히
1896,김동률,가수,1974.03.15(금),49,자세히
1895,최국,개그맨,1975.03.15(토),48,자세히
1894,정형돈,개그맨,1978.03.15(수),45,자세히
1893,조명진,배우,1979.03.15(목),44,자세히
1892,강예원,배우,1980.03.15(토),43,자세히
1891,이윤지,배우,1984.03.15(목),39,자세히
1890,이다희,배우,1985.03.15(금),38,자세히
1889,윤지유,배우,1987.03.15(일),36,자세히
1888,진진,가수,1996.03.15(금),27,자세히
1887,백윤식,배우,1947.03.16(일),76,자세히
1886,이재포,개그맨,1960.03.16(수),63,자세히
1885,박용우,배우,1971.03.16(화),52,자세히
1884,현우성,배우,1979.03.16(금),44,자세히
1883,채민서,배우,1981.03.16(월),42,자세히
1882,정소민,배우,1989.03.16(목),34,자세히
1881,이진아,가수,1991.03.16(토),32,자세히
1880,정경호,배우,1972.03.17(금),51,자세히
1879,양파,가수,1979.03.17(토),44,자세히
1878,최자,가수,1980.03.17(월),43,자세히
1877,손헌수,개그맨,1980.03.17(월),43,자세히
1876,고동수,개그맨,1987.03.17(화),36,자세히
1875,신보라,개그우먼,1987.03.17(화),36,자세히
1874,서세원,개그맨,1956.03.18(일),67,자세히
1873,권태원,배우,1961.03.18(토),62,자세히
1872,정준하,개그맨,1971.03.18(목),52,자세히
1871,루시드폴,가수,1975.03.18(화),48,자세히
1870,송준근,개그맨,1980.03.18(화),43,자세히
1869,장나라,가수,1981.03.18(수),42,자세히
1868,김승현,배우,1981.03.18(수),42,자세히
1867,이준혁,배우,1972.03.19(일),51,자세히
1866,김래원,배우,1981.03.19(목),42,자세히
1865,이주연,가수,1987.03.19(목),36,자세히
1864,곽동연,배우,1997.03.19(수),26,자세히
1863,엄앵란,배우,1936.03.20(금),87,자세히
1862,유인촌,배우,1951.03.20(화),72,자세히
1861,김명덕,개그맨,1960.03.20(일),63,자세히
1860,박진우,배우,1973.03.20(화),50,자세히
1859,강지환,배우,1977.03.20(일),46,자세히
1858,김민재,배우,1979.03.20(화),44,자세히
1857,옥주현,가수,1980.03.20(목),43,자세히
1856,송병철,개그맨,1981.03.20(금),42,자세히
1855,전소니,배우,1991.03.20(수),32,자세히
1854,산들,가수,1992.03.20(금),31,자세히
1853,남승민,가수,2002.03.20(수),21,자세히
1852,조용필,가수,1950.03.21(화),73,자세히
1851,이재용,배우,1963.03.21(목),60,자세히
1850,신승훈,가수,1966.03.21(월),57,자세히
1849,전유나,가수,1969.03.21(금),54,자세히
1848,선우선,배우,1975.03.21(금),48,자세히
1847,허영주,가수,1992.03.21(토),31,자세히
1846,이춘식,배우,1941.03.22(토),82,자세히
1845,박중훈,배우,1966.03.22(화),57,자세히
1844,황영희,배우,1969.03.22(토),54,자세히
1843,유하나,배우,1986.03.22(토),37,자세히
1842,안지호,가수,1986.03.22(토),37,자세히
1841,보람,가수,1986.03.22(토),37,자세히
1840,박민우,배우,1988.03.22(화),35,자세히
1839,반소영,배우,1988.03.22(화),35,자세히
1838,호효훈,배우,1989.03.22(수),34,자세히
1837,하성운,가수,1994.03.22(화),29,자세히
1836,양택조,배우,1939.03.23(목),84,자세히
1835,국정환,배우,1943.03.23(화),80,자세히
1834,김희라,배우,1947.03.23(일),76,자세히
1833,김민종,가수,1972.03.23(목),51,자세히
1832,엄기준,배우,1976.03.23(화),47,자세히
1831,박정현,가수,1976.03.23(화),47,자세히
1830,한혜진,모델,1983.03.23(수),40,자세히
1829,강남,가수,1987.03.23(월),36,자세히
1828,김진태,배우,1951.03.24(토),72,자세히
1827,한채아,배우,1982.03.24(수),41,자세히
1826,박봄,가수,1984.03.24(토),39,자세히
1825,박정민,배우,1987.03.24(화),36,자세히
1824,넉살,가수,1987.03.24(화),36,자세히
1823,최성수,가수,1960.03.25(금),63,자세히
1822,이애란,가수,1963.03.25(월),60,자세히
1821,오현경,배우,1970.03.25(수),53,자세히
1820,백지영,가수,1976.03.25(목),47,자세히
1819,차태현,배우,1976.03.25(목),47,자세히
1818,이다인,배우,1985.03.25(월),38,자세히
1817,강기둥,배우,1987.03.25(수),36,자세히
1816,김수영,개그맨,1987.03.25(수),36,자세히
1815,진지희,배우,1999.03.25(목),24,자세히
1814,전영록,가수,1954.03.26(금),69,자세히
1813,손호영,가수,1980.03.26(수),43,자세히
1812,폴킴,가수,1981.03.26(목),42,자세히
1811,김서경,배우,1985.03.26(화),38,자세히
1810,한지우,배우,1987.03.26(목),36,자세히
1809,오원빈,가수,1990.03.26(월),33,자세히
1808,오원빈,가수,1990.03.26(월),33,자세히
1807,최우식,배우,1990.03.26(월),33,자세히
1806,시우민,가수,1990.03.26(월),33,자세히
1805,최민수,배우,1962.03.27(화),61,자세히
1804,정은표,배우,1966.03.27(일),57,자세히
1803,진경,배우,1972.03.27(월),51,자세히
1802,김조한,가수,1973.03.27(화),50,자세히
1801,김진철,개그맨,1979.03.27(화),44,자세히
1800,박영진,개그맨,1981.03.27(금),42,자세히
1799,오승윤,배우,1991.03.27(수),32,자세히
1798,허기호,배우,1952.03.28(금),71,자세히
1797,최홍림,개그맨,1965.03.28(일),58,자세히
1796,채림,배우,1979.03.28(수),44,자세히
1795,조승우,배우,1980.03.28(금),43,자세히
1794,장희영,가수,1985.03.28(목),38,자세히
1793,박규선,개그맨,1986.03.28(금),37,자세히
1792,김윤서,배우,1986.03.28(금),37,자세히
1791,김이안,배우,1987.03.28(토),36,자세히
1790,백다은,배우,1988.03.28(월),35,자세히
1789,홍아름,배우,1989.03.28(화),34,자세히
1788,도끼,가수,1990.03.28(수),33,자세히
1787,류혜영,배우,1991.03.28(목),32,자세히
1786,김상희,가수,1943.03.29(월),80,자세히
1785,이은하,가수,1961.03.29(수),62,자세히
1784,팽현숙,개그우먼,1965.03.29(월),58,자세히
1783,김나윤,배우,1974.03.29(금),49,자세히
1782,박시연,배우,1979.03.29(목),44,자세히
1781,김태희,배우,1980.03.29(토),43,자세히
1780,원진아,배우,1991.03.29(금),32,자세히
1779,아이린,가수,1991.03.29(금),32,자세히
1778,조우리,배우,1992.03.29(일),31,자세히
1777,설리,배우,1994.03.29(화),29,자세히
1776,서승만,개그맨,1964.03.30(월),59,자세히
1775,고범준,가수,1974.03.30(토),49,자세히
1774,박경림,방송인,1979.03.30(금),44,자세히
1773,이기광,가수,1990.03.30(금),33,자세히
1772,송민호,가수,1993.03.30(화),30,자세히
1771,차은우,가수,1997.03.30(일),26,자세히
1770,김민기,가수,1951.03.31(토),72,자세히
1769,노홍철,방송인,1979.03.31(토),44,자세히
1768,임정은,배우,1981.03.31(화),42,자세히
1767,케이준,가수,1985.03.31(일),38,자세히
1766,안재홍,배우,1986.03.31(월),37,자세히
1765,윤균상,배우,1987.03.31(화),36,자세히
1764,김보형,가수,1989.03.31(금),34,자세히
1763,방용국,가수,1990.03.31(토),33,자세히
1762,구준회,가수,1997.03.31(월),26,자세히
1761,채상우,배우,1999.03.31(수),24,자세히
1760,정영숙,배우,1947.04.01(화),76,자세히
1759,이용식,개그맨,1952.04.01(화),71,자세히
1758,김성은,개그우먼,1968.04.01(월),55,자세히
1757,서동욱,가수,1974.04.01(월),49,자세히
1756,권혁종,배우,1975.04.01(화),48,자세히
1755,박예진,배우,1981.04.01(수),42,자세히
1754,정해인,배우,1988.04.01(금),35,자세히
1753,오기택,가수,1939.04.02(일),84,자세히
1752,이상용,방송인,1944.04.02(일),79,자세히
1751,조영남,가수,1945.04.02(월),78,자세히
1750,송영창,배우,1958.04.02(수),65,자세히
1749,이미숙,배우,1960.04.02(토),63,자세히
1748,전세영,배우,1963.04.02(화),60,자세히
1747,배동성,개그맨,1965.04.02(금),58,자세히
1746,조진웅,배우,1976.04.02(금),47,자세히
1745,김재욱,배우,1983.04.02(토),40,자세히
1744,이수지,개그우먼,1985.04.02(화),38,자세히
1743,신재하,배우,1993.04.02(금),30,자세히
1742,정명재,개그맨,1958.04.03(목),65,자세히
1741,김보경,배우,1976.04.03(토),47,자세히
1740,박시후,배우,1978.04.03(월),45,자세히
1739,하준,배우,1987.04.03(금),36,자세히
1738,오션검,가수,1999.04.03(토),24,자세히
1737,서동원,배우,1979.04.04(수),44,자세히
1736,공효진,배우,1980.04.04(금),43,자세히
1735,테이,가수,1983.04.04(월),40,자세히
1734,은혁,가수,1986.04.04(금),37,자세히
1733,태진아,가수,1953.04.05(일),70,자세히
1732,인순이,가수,1957.04.05(금),66,자세히
1731,진미령,가수,1958.04.05(토),65,자세히
1730,박상원,배우,1959.04.05(일),64,자세히
1729,이얼,배우,1964.04.05(일),59,자세히
1728,정성한,개그맨,1971.04.05(월),52,자세히
1727,김재만,배우,1973.04.05(목),50,자세히
1726,엄태웅,배우,1974.04.05(금),49,자세히
1725,이주현,배우,1976.04.05(월),47,자세히
1724,이재원,가수,1980.04.05(토),43,자세히
1723,최창민,가수,1981.04.05(일),42,자세히
1722,신민아,배우,1984.04.05(목),39,자세히
1721,차붐,가수,1985.04.05(금),38,자세히
1720,양지원,가수,1988.04.05(화),35,자세히
1719,김정현,배우,1990.04.05(목),33,자세히
1718,임영규,배우,1956.04.06(금),67,자세히
1717,천명훈,가수,1978.04.06(목),45,자세히
1716,서예지,배우,1990.04.06(금),33,자세히
1715,심문규,개그맨,1990.04.06(금),33,자세히
1714,김병조,개그맨,1950.04.07(금),73,자세히
1713,김갑수,배우,1957.04.07(일),66,자세히
1712,김수철,가수,1957.04.07(일),66,자세히
1711,전소민,배우,1986.04.07(월),37,자세히
1710,시원,가수,1986.04.07(월),37,자세히
1709,반세정,배우,1986.04.07(월),37,자세히
1708,한해,가수,1990.04.07(토),33,자세히
1707,장용,배우,1945.04.08(일),78,자세히
1706,정호빈,배우,1969.04.08(화),54,자세히
1705,방중현,배우,1974.04.08(월),49,자세히
1704,거미,가수,1981.04.08(수),42,자세히
1703,기은세,배우,1983.04.08(금),40,자세히
1702,종현,가수,1990.04.08(일),33,자세히
1701,김영인,배우,1940.04.09(화),83,자세히
1700,유경아,배우,1973.04.09(월),50,자세히
1699,이요원,배우,1980.04.09(수),43,자세히
1698,유이,배우,1988.04.09(토),35,자세히
1697,유권,가수,1992.04.09(목),31,자세히
1696,김다미,배우,1995.04.09(일),28,자세히
1695,명세빈,배우,1975.04.10(목),48,자세히
1694,김선영,배우,1976.04.10(토),47,자세히
1693,정은우,배우,1986.04.10(목),37,자세히
1692,민서현,배우,1986.04.10(목),37,자세히
1691,신현빈,배우,1986.04.10(목),37,자세히
1690,신소희,가수,1987.04.10(금),36,자세히
1689,박보미,배우,1989.04.10(월),34,자세히
1688,김흥국,가수,1959.04.11(토),64,자세히
1687,길해연,배우,1964.04.11(토),59,자세히
1686,이장훈,배우,1972.04.11(화),51,자세히
1685,고혜성,개그맨,1975.04.11(금),48,자세히
1684,줄리엔강,배우,1982.04.11(일),41,자세히
1683,유연석,배우,1984.04.11(수),39,자세히
1682,김민지,배우,1992.04.11(토),31,자세히
1681,김태원,가수,1965.04.12(월),58,자세히
1680,이주나,배우,1975.04.12(토),48,자세히
1679,이수영,가수,1979.04.12(목),44,자세히
1678,고정일,배우,1979.04.12(목),44,자세히
1677,이수영,가수,1979.04.12(목),44,자세히
1676,세훈,가수,1994.04.12(화),29,자세히
1675,김인문,배우,1939.04.13(목),84,자세히
1674,이아현,배우,1972.04.13(목),51,자세히
1673,유지태,배우,1976.04.13(화),47,자세히
1672,자이언티,가수,1989.04.13(목),34,자세히
1671,이설,배우,1993.04.13(화),30,자세히
1670,허준호,배우,1964.04.14(화),59,자세히
1669,오지호,배우,1976.04.14(수),47,자세히
1668,이정수,개그맨,1987.04.14(화),36,자세히
1667,하은진,배우,1987.04.14(화),36,자세히
1666,정애란,배우,1927.04.15(금),96,자세히
1665,이동원,가수,1951.04.15(일),72,자세히
1664,김태우,배우,1971.04.15(목),52,자세히
1663,김석훈,배우,1972.04.15(토),51,자세히
1662,변정수,모델,1974.04.15(월),49,자세히
1661,김민교,개그맨,1974.04.15(월),49,자세히
1660,왕빛나,배우,1981.04.15(수),42,자세히
1659,윤현민,배우,1985.04.15(월),38,자세히
1658,이진호,개그맨,1986.04.15(화),37,자세히
1657,김진규,배우,1922.04.16(일),101,자세히
1656,황신혜,배우,1963.04.16(화),60,자세히
1655,정기섭,배우,1974.04.16(화),49,자세히
1654,이소연,배우,1982.04.16(금),41,자세히
1653,이은형,개그우먼,1983.04.16(토),40,자세히
1652,박상우,가수,1986.04.16(수),37,자세히
1651,김나희,개그우먼,1988.04.16(토),35,자세히
1650,김희정,배우,1992.04.16(목),31,자세히
1649,우연정,배우,1949.04.17(일),74,자세히
1648,표인봉,개그맨,1965.04.17(토),58,자세히
1647,성시경,가수,1979.04.17(화),44,자세히
1646,정동하,가수,1980.04.17(목),43,자세히
1645,이준기,배우,1982.04.17(토),41,자세히
1644,이시영,배우,1982.04.17(토),41,자세히
1643,안효섭,배우,1995.04.17(월),28,자세히
1642,백승환,배우,1998.04.17(금),25,자세히
1641,현석,배우,1947.04.18(금),76,자세히
1640,민해경,가수,1962.04.18(수),61,자세히
1639,고명환,개그맨,1972.04.18(화),51,자세히
1638,고명환,개그맨,1972.04.18(화),51,자세히
1637,웅산,가수,1973.04.18(수),50,자세히
1636,이종박,배우,1975.04.18(금),48,자세히
1635,조윤호,개그맨,1978.04.18(화),45,자세히
1634,오지헌,개그맨,1979.04.18(수),44,자세히
1633,김소라,배우,1988.04.18(월),35,자세히
1632,곽희성,배우,1990.04.18(수),33,자세히
1631,박남정,가수,1966.04.19(화),57,자세히
1630,김덕현,배우,1967.04.19(수),56,자세히
1629,신성우,가수,1968.04.19(금),55,자세히
1628,유희열,가수,1971.04.19(월),52,자세히
1627,이예린,가수,1974.04.19(금),49,자세히
1626,길건,가수,1979.04.19(목),44,자세히
1625,이다해,배우,1984.04.19(목),39,자세히
1624,정의철,배우,1985.04.19(금),38,자세히
1623,조미,가수,1986.04.19(토),37,자세히
1622,임수향,배우,1990.04.19(목),33,자세히
1621,아름,가수,1994.04.19(화),29,자세히
1620,신충식,배우,1942.04.20(월),81,자세히
1619,박정환,가수,1973.04.20(금),50,자세히
1618,이광섭,개그맨,1980.04.20(일),43,자세히
1617,송채윤,배우,1987.04.20(월),36,자세히
1616,천우희,배우,1987.04.20(월),36,자세히
1615,한희준,가수,1989.04.20(목),34,자세히
1614,반석진,배우,1945.04.21(토),78,자세히
1613,김영애,배우,1951.04.21(토),72,자세히
1612,장덕,가수,1961.04.21(금),62,자세히
1611,김지석,배우,1981.04.21(화),42,자세히
1610,이태성,배우,1985.04.21(일),38,자세히
1609,황혜영,가수,1973.04.22(일),50,자세히
1608,김형중,가수,1973.04.22(일),50,자세히
1607,정우성,배우,1973.04.22(일),50,자세히
1606,고미영,배우,1974.04.22(월),49,자세히
1605,성창훈,배우,1975.04.22(화),48,자세히
1604,오민석,배우,1980.04.22(화),43,자세히
1603,정은선,배우,1987.04.22(수),36,자세히
1602,광수,배우,1987.04.22(수),36,자세히
1601,류화영,배우,1993.04.22(목),30,자세히
1600,최백호,가수,1950.04.23(일),73,자세히
1599,김정미,가수,1953.04.23(목),70,자세히
1598,김희애,배우,1967.04.23(일),56,자세히
1597,문명진,가수,1977.04.23(토),46,자세히
1596,황하나,배우,1988.04.23(토),35,자세히
1595,송강,배우,1994.04.23(토),29,자세히
1594,조병규,배우,1996.04.23(화),27,자세히
1593,김태우,가수,1999.04.23(금),24,자세히
1592,채영,가수,1999.04.23(금),24,자세히
1591,배호,가수,1942.04.24(금),81,자세히
1590,원미경,배우,1960.04.24(일),63,자세히
1589,손창민,배우,1965.04.24(토),58,자세히
1588,김현주,배우,1977.04.24(일),46,자세히
1587,최정원,배우,1981.04.24(금),42,자세히
1586,이주영,배우,1987.04.24(금),36,자세히
1585,서준영,배우,1987.04.24(금),36,자세히
1584,김태리,배우,1990.04.24(화),33,자세히
1583,김종국,가수,1976.04.25(일),47,자세히
1582,박재범,가수,1987.04.25(토),36,자세히
1581,정인선,배우,1991.04.25(목),32,자세히
1580,서지훈,배우,1997.04.25(금),26,자세히
1579,정다빈,배우,2000.04.25(화),23,자세히
1578,남규리,가수,1985.04.26(금),38,자세히
1577,유성은,가수,1989.04.26(수),34,자세히
1576,대성,가수,1989.04.26(수),34,자세히
1575,송해,방송인,1927.04.27(수),96,자세히
1574,임동진,배우,1944.04.27(목),79,자세히
1573,구창모,가수,1954.04.27(화),69,자세히
1572,방미,가수,1960.04.27(수),63,자세히
1571,성동일,배우,1967.04.27(목),56,자세히
1570,정성호,개그맨,1974.04.27(토),49,자세히
1569,박훈,배우,1981.04.27(월),42,자세히
1568,이가희,가수,1985.04.27(토),38,자세히
1567,천단비,가수,1986.04.27(일),37,자세히
1566,김승혜,개그우먼,1987.04.28(화),36,자세히
1565,신지훈,배우,1988.04.28(목),35,자세히
1564,김성규,가수,1989.04.28(금),34,자세히
1563,이채영,배우,1986.04.29(화),37,자세히
1562,변요한,배우,1986.04.29(화),37,자세히
1561,윤하,가수,1988.04.29(금),35,자세히
1560,정혜성,배우,1991.04.29(월),32,자세히
1559,문수진,배우,1973.04.30(월),50,자세히
1558,임재욱,가수,1974.04.30(화),49,자세히
1557,김대진,배우,1977.04.30(토),46,자세히
1556,김남우,배우,1987.04.30(목),36,자세히
1555,우영,가수,1989.04.30(일),34,자세히
1554,채서진,배우,1994.04.30(토),29,자세히
1553,윤양하,배우,1940.05.01(수),83,자세히
1552,남궁연,방송인,1967.05.01(월),56,자세히
1551,설경구,배우,1967.05.01(월),56,자세히
1550,정재윤,개그우먼,1968.05.01(수),55,자세히
1549,박해진,배우,1983.05.01(일),40,자세히
1548,이창민,가수,1986.05.01(목),37,자세히
1547,이시강,가수,1987.05.01(금),36,자세히
1546,하니,가수,1992.05.01(금),31,자세히
1545,미미,가수,1995.05.01(월),28,자세히
1544,이호재,배우,1941.05.02(금),82,자세히
1543,김종결,배우,1944.05.02(화),79,자세히
1542,정보석,배우,1962.05.02(수),61,자세히
1541,박상민,가수,1964.05.02(토),59,자세히
1540,제이,가수,1977.05.02(월),46,자세히
1539,이성동,개그맨,1981.05.02(토),42,자세히
1538,심지호,배우,1981.05.02(토),42,자세히
1537,정주리,개그우먼,1985.05.02(목),38,자세히
1536,고보결,배우,1988.05.02(월),35,자세히
1535,정진운,가수,1991.05.02(목),32,자세히
1534,선미,가수,1992.05.02(토),31,자세히
1533,육성재,가수,1995.05.02(화),28,자세히
1532,김도향,가수,1945.05.03(목),78,자세히
1531,태민영,배우,1954.05.03(월),69,자세히
1530,김미숙,배우,1959.05.03(일),64,자세히
1529,이하늘,가수,1971.05.03(월),52,자세히
1528,하수빈,가수,1973.05.03(목),50,자세히
1527,렉시,가수,1977.05.03(화),46,자세히
1526,남상미,배우,1984.05.03(목),39,자세히
1525,정헌,배우,1987.05.03(일),36,자세히
1524,이유애린,가수,1988.05.03(화),35,자세히
1523,크러쉬,가수,1992.05.03(일),31,자세히
1522,안재민,배우,1986.05.04(일),37,자세히
1521,이수현,가수,1999.05.04(화),24,자세히
1520,김정식,개그맨,1959.05.05(화),64,자세히
1519,김지훈,가수,1973.05.05(토),50,자세히
1518,김희진,가수,1975.05.05(월),48,자세히
1517,최강희,배우,1977.05.05(목),46,자세히
1516,MC딩동,배우,1979.05.05(토),44,자세히
1515,이승효,배우,1980.05.05(월),43,자세히
1514,이샘,가수,1987.05.05(화),36,자세히
1513,송지은,가수,1990.05.05(토),33,자세히
1512,이나은,가수,1999.05.05(수),24,자세히
1511,김세윤,배우,1940.05.06(월),83,자세히
1510,고은희,가수,1964.05.06(수),59,자세히
1509,신해철,가수,1968.05.06(월),55,자세히
1508,심현섭,개그맨,1970.05.06(수),53,자세히
1507,이훈,배우,1973.05.06(일),50,자세히
1506,이태란,배우,1975.05.06(화),48,자세히
1505,권혁수,배우,1986.05.06(화),37,자세히
1504,문근영,배우,1987.05.06(수),36,자세히
1503,유병재,방송인,1988.05.06(금),35,자세히
1502,백현,가수,1992.05.06(수),31,자세히
1501,김다솜,가수,1993.05.06(목),30,자세히
1500,환희,가수,1998.05.06(수),25,자세히
1499,김수로,배우,1970.05.07(목),53,자세히
1498,정지영,방송인,1975.05.07(수),48,자세히
1497,김상혁,가수,1983.05.07(토),40,자세히
1496,레이나,가수,1989.05.07(일),34,자세히
1495,윤소희,배우,1993.05.07(금),30,자세히
1494,신성일,배우,1937.05.08(토),86,자세히
1493,김용건,배우,1946.05.08(수),77,자세히
1492,나영진,배우,1952.05.08(목),71,자세히
1491,이덕화,배우,1952.05.08(목),71,자세히
1490,김종석,개그맨,1959.05.08(금),64,자세히
1489,배해선,배우,1974.05.08(수),49,자세히
1488,장우혁,가수,1978.05.08(월),45,자세히
1487,이상엽,배우,1983.05.08(일),40,자세히
1486,김선호,배우,1986.05.08(목),37,자세히
1485,김혜준,배우,1995.05.08(월),28,자세히
1484,허장강,배우,1923.05.09(수),100,자세히
1483,사미자,배우,1940.05.09(목),83,자세히
1482,김혜옥,배우,1958.05.09(금),65,자세히
1481,한동준,가수,1967.05.09(화),56,자세히
1480,추상미,배우,1973.05.09(수),50,자세히
1479,장가현,배우,1977.05.09(월),46,자세히
1478,조현재,배우,1980.05.09(금),43,자세히
1477,김지훈,배우,1981.05.09(토),42,자세히
1476,장희진,배우,1983.05.09(월),40,자세히
1475,한동근,가수,1993.05.09(일),30,자세히
1474,여회현,배우,1994.05.09(월),29,자세히
1473,김남주,배우,1971.05.10(월),52,자세히
1472,임형준,배우,1974.05.10(금),49,자세히
1471,신정환,가수,1974.05.10(금),49,자세히
1470,이효리,가수,1979.05.10(목),44,자세히
1469,이무생,배우,1980.05.10(토),43,자세히
1468,조달환,배우,1981.05.10(일),42,자세히
1467,붐,가수,1982.05.10(월),41,자세히
1466,홍현희,개그우먼,1982.05.10(월),41,자세히
1465,남태현,가수,1994.05.10(화),29,자세히
1464,배진영,가수,2000.05.10(수),23,자세히
1463,정훈희,가수,1952.05.11(일),71,자세히
1462,정진각,배우,1953.05.11(월),70,자세히
1461,김도균,가수,1964.05.11(월),59,자세히
1460,윤상,가수,1968.05.11(토),55,자세히
1459,김나운,배우,1970.05.11(월),53,자세히
1458,서지오,가수,1971.05.11(화),52,자세히
1457,이상화,개그맨,1973.05.11(금),50,자세히
1456,문세윤,개그맨,1982.05.11(화),41,자세히
1455,박희본,배우,1983.05.11(수),40,자세히
1454,임슬옹,가수,1987.05.11(월),36,자세히
1453,이현경,배우,1972.05.12(금),51,자세히
1452,김태우,가수,1981.05.12(화),42,자세히
1451,강성욱,배우,1985.05.12(일),38,자세히
1450,맹승지,개그우먼,1986.05.12(월),37,자세히
1449,이세진,개그맨,1987.05.12(화),36,자세히
1448,김성겸,배우,1941.05.13(화),82,자세히
1447,손숙,배우,1944.05.13(토),79,자세히
1446,은희,가수,1951.05.13(일),72,자세히
1445,함중아,가수,1952.05.13(화),71,자세히
1444,배종옥,배우,1964.05.13(수),59,자세히
1443,오대규,배우,1968.05.13(월),55,자세히
1442,라이머,가수,1977.05.13(금),46,자세히
1441,영탁,가수,1983.05.13(금),40,자세히
1440,이재응,배우,1991.05.13(월),32,자세히
1439,이창윤,개그맨,1992.05.13(수),31,자세히
1438,민아,가수,1993.05.13(목),30,자세히
1437,남명렬,배우,1959.05.14(목),64,자세히
1436,이성호,배우,1949.05.15(일),74,자세히
1435,장혜진,가수,1965.05.15(토),58,자세히
1434,금잔디,가수,1979.05.15(화),44,자세히
1433,서동천,가수,1985.05.15(수),38,자세히
1432,써니,가수,1989.05.15(월),34,자세히
1431,문영미,코미디언,1945.05.16(수),78,자세히
1430,이계인,배우,1952.05.16(금),71,자세히
1429,김완선,가수,1969.05.16(금),54,자세히
1428,성대현,방송인,1973.05.16(수),50,자세히
1427,이희진,배우,1979.05.16(수),44,자세히
1426,주지훈,배우,1982.05.16(일),41,자세히
1425,정석원,배우,1985.05.16(목),38,자세히
1424,장범준,가수,1989.05.16(화),34,자세히
1423,아이유,가수,1993.05.16(일),30,자세히
1422,백승도,배우,1995.05.16(화),28,자세히
1421,현숙,가수,1959.05.17(일),64,자세히
1420,전효실,개그우먼,1972.05.17(수),51,자세히
1419,윤지숙,배우,1973.05.17(목),50,자세히
1418,송송이,배우,1973.05.17(목),50,자세히
1417,곽도원,배우,1974.05.17(금),49,자세히
1416,최지나,배우,1975.05.17(토),48,자세히
1415,강유미,개그우먼,1983.05.17(화),40,자세히
1414,김성희,가수,1989.05.17(수),34,자세히
1413,박노식,배우,1971.05.18(화),51,자세히
1412,임주환,배우,1982.05.18(화),40,자세히
1411,태양,가수,1988.05.18(수),34,자세히
1410,이예은,배우,1989.05.18(목),33,자세히
1409,허가윤,가수,1990.05.18(금),32,자세히
1408,문숙,배우,1954.05.19(수),68,자세히
1407,정민,배우,1977.05.19(목),45,자세히
1406,봉태규,배우,1981.05.19(화),41,자세히
1405,정해철,개그맨,1986.05.19(월),36,자세히
1404,한현민,모델,2001.05.19(토),21,자세히
1403,맹호림,배우,1945.05.20(일),77,자세히
1402,최양락,개그맨,1962.05.20(일),60,자세히
1401,강수지,가수,1967.05.20(토),55,자세히
1400,이하율,배우,1987.05.20(수),35,자세히
1399,이신재,배우,1943.05.21(금),79,자세히
1398,김원해,배우,1969.05.21(수),53,자세히
1397,김진호,가수,1986.05.21(수),36,자세히
1396,김주리,배우,1988.05.21(토),34,자세히
1395,박규리,배우,1988.05.21(토),34,자세히
1394,고두심,배우,1951.05.22(화),71,자세히
1393,백영규,가수,1952.05.22(목),70,자세히
1392,장필순,가수,1963.05.22(수),59,자세히
1391,김무열,배우,1982.05.22(토),40,자세히
1390,수호,가수,1991.05.22(수),31,자세히
1389,백인철,배우,1947.05.23(금),75,자세히
1388,전영미,개그우먼,1972.05.23(화),50,자세히
1387,김성수,배우,1973.05.23(수),49,자세히
1386,권해성,배우,1979.05.23(수),43,자세히
1385,이재균,배우,1990.05.23(수),32,자세히
1384,김영호,배우,1967.05.24(수),55,자세히
1383,우희진,배우,1975.05.24(토),47,자세히
1382,백옥담,배우,1986.05.24(토),36,자세히
1381,무진성,배우,1988.05.24(화),34,자세히
1380,김성환,가수,1950.05.25(목),72,자세히
1379,정한헌,배우,1954.05.25(화),68,자세히
1378,이보희,배우,1959.05.25(월),63,자세히
1377,맹봉학,배우,1963.05.25(토),59,자세히
1376,이정진,배우,1978.05.25(목),44,자세히
1375,김지혜,개그우먼,1979.05.25(금),43,자세히
1374,재희,배우,1980.05.25(일),42,자세히
1373,김이삭,가수,1985.05.25(토),37,자세히
1372,김남희,배우,1986.05.25(일),36,자세히
1371,신민철,배우,1986.05.25(일),36,자세히
1370,이정석,가수,1967.05.26(금),55,자세히
1369,최진호,배우,1968.05.26(일),54,자세히
1368,김태훈,배우,1975.05.26(월),47,자세히
1367,이필립,배우,1981.05.26(화),41,자세히
1366,예은,가수,1989.05.26(금),33,자세히
1365,김동현,배우,1994.05.26(목),28,자세히
1364,예지,가수,2000.05.26(금),22,자세히
1363,제이민,가수,1988.05.27(금),34,자세히
1362,김재환,가수,1996.05.27(월),26,자세히
1361,문성근,배우,1953.05.28(목),69,자세히
1360,오미희,배우,1958.05.28(수),64,자세히
1359,소희정,배우,1973.05.28(월),49,자세히
1358,신소미,배우,1975.05.28(수),47,자세히
1357,박명훈,배우,1975.05.28(수),47,자세히
1356,강일구,개그맨,1980.05.28(수),42,자세히
1355,오나미,개그우먼,1984.05.28(월),38,자세히
1354,조혜련,개그우먼,1970.05.29(금),52,자세히
1353,최종훈,배우,1979.05.29(화),43,자세히
1352,노민우,가수,1986.05.29(목),36,자세히
1351,임세미,배우,1987.05.29(금),35,자세히
1350,김시은,배우,1987.05.29(금),35,자세히
1349,한그루,배우,1992.05.29(금),30,자세히
1348,박지훈,가수,1999.05.29(토),23,자세히
1347,임백천,방송인,1958.05.30(금),64,자세히
1346,최민식,배우,1962.05.30(수),60,자세히
1345,신하균,배우,1974.05.30(목),48,자세히
1344,진용욱,배우,1975.05.30(금),47,자세히
1343,효민,가수,1989.05.30(화),33,자세히
1342,김가은,배우,1989.05.30(화),33,자세히
1341,에일리,가수,1989.05.30(화),33,자세히
1340,윤아,가수,1990.05.30(수),32,자세히
1339,임혁,배우,1949.05.31(화),73,자세히
1338,김근영,배우,1963.05.31(금),59,자세히
1337,윤미래,가수,1981.05.31(일),41,자세히
1336,이수혁,배우,1988.05.31(화),34,자세히
1335,심은경,배우,1994.05.31(화),28,자세히
1334,배연정,개그우먼,1952.06.01(일),70,자세히
1333,김청,배우,1962.06.01(금),60,자세히
1332,김상경,배우,1972.06.01(목),50,자세히
1331,김홍표,배우,1974.06.01(토),48,자세히
1330,양동근,배우,1979.06.01(금),43,자세히
1329,이장우,배우,1986.06.01(일),36,자세히
1328,송대관,가수,1946.06.02(일),76,자세히
1327,김한석,개그맨,1972.06.02(금),50,자세히
1326,김생민,방송인,1973.06.02(토),49,자세히
1325,오창석,배우,1982.06.02(수),40,자세히
1324,김범진,배우,1988.06.02(목),34,자세히
1323,윤채성,배우,1988.06.02(목),34,자세히
1322,심은우,배우,1992.06.02(화),30,자세히
1321,유재명,배우,1973.06.03(일),49,자세히
1320,서장훈,방송인,1974.06.03(월),48,자세히
1319,김기욱,개그맨,1983.06.03(금),39,자세히
1318,최효종,개그맨,1986.06.03(화),36,자세히
1317,장아영,배우,1989.06.03(토),33,자세히
1316,조승희,배우,1991.06.03(월),31,자세히
1315,정윤희,배우,1954.06.04(금),68,자세히
1314,박희진,개그우먼,1973.06.04(월),49,자세히
1313,이주희,배우,1974.06.04(화),48,자세히
1312,박유천,가수,1986.06.04(수),36,자세히
1311,진해성,가수,1990.06.04(월),32,자세히
1310,김소현,배우,1999.06.04(금),23,자세히
1309,박세민,개그맨,1958.06.05(목),64,자세히
1308,유태웅,배우,1972.06.05(월),50,자세히
1307,윤예리,배우,1977.06.05(일),45,자세히
1306,이동엽,개그맨,1979.06.05(화),43,자세히
1305,김기열,개그맨,1981.06.05(금),41,자세히
1304,유인나,배우,1982.06.05(토),40,자세히
1303,유재하,가수,1962.06.06(수),60,자세히
1302,최민용,배우,1977.06.06(월),45,자세히
1301,김동희,배우,1978.06.06(화),44,자세히
1300,김현중,가수,1986.06.06(금),36,자세히
1299,전수희,개그우먼,1988.06.06(월),34,자세히
1298,박장현,가수,1989.06.06(화),33,자세히
1297,손동운,가수,1991.06.06(목),31,자세히
1296,현아,가수,1992.06.06(토),30,자세히
1295,박근형,배우,1940.06.07(금),82,자세히
1294,남현주,배우,1967.06.07(수),55,자세히
1293,차승원,배우,1970.06.07(일),52,자세히
1292,김경호,가수,1971.06.07(월),51,자세히
1291,송윤아,배우,1973.06.07(목),49,자세히
1290,토니안,가수,1978.06.07(수),44,자세히
1289,박성우,배우,1988.06.07(화),34,자세히
1288,지연,가수,1993.06.07(월),29,자세히
1287,변희봉,배우,1942.06.08(월),80,자세히
1286,유승봉,배우,1951.06.08(금),71,자세히
1285,김종구,배우,1955.06.08(수),67,자세히
1284,안재환,배우,1972.06.08(목),50,자세히
1283,김민,배우,1973.06.08(금),49,자세히
1282,변재원,가수,1975.06.08(일),47,자세히
1281,은지원,가수,1978.06.08(목),44,자세히
1280,김원희,배우,1972.06.09(금),50,자세히
1279,김진곤,개그맨,1985.06.09(일),37,자세히
1278,장세현,배우,1987.06.09(화),35,자세히
1277,혜리,가수,1994.06.09(목),28,자세히
1276,백일섭,배우,1944.06.10(토),78,자세히
1275,태원석,배우,1989.06.10(토),33,자세히
1274,윤희정,배우,1953.06.11(목),69,자세히
1273,강호동,개그맨,1970.06.11(목),52,자세히
1272,최지우,배우,1975.06.11(수),47,자세히
1271,한석준,방송인,1975.06.11(수),47,자세히
1270,김희선,배우,1977.06.11(토),45,자세히
1269,이진환,개그맨,1979.06.11(월),43,자세히
1268,고경표,배우,1990.06.11(월),32,자세히
1267,박효준,배우,1980.06.12(목),42,자세히
1266,유상무,개그맨,1980.06.12(목),42,자세히
1265,류덕환,배우,1987.06.12(금),35,자세히
1264,장슬기,개그우먼,1989.06.12(월),33,자세히
1263,이상운,개그맨,1960.06.13(월),62,자세히
1262,서영희,배우,1979.06.13(수),43,자세히
1261,박소라,개그우먼,1990.06.13(수),32,자세히
1260,남다름,배우,2002.06.13(목),20,자세히
1259,조명남,배우,1943.06.14(월),79,자세히
1258,홍순창,배우,1947.06.14(토),75,자세히
1257,최정민,배우,1950.06.14(수),72,자세히
1256,김현철,가수,1969.06.14(토),53,자세히
1255,장진영,배우,1972.06.14(수),50,자세히
1254,홍수민,배우,1977.06.14(화),45,자세히
1253,서재경,배우,1982.06.14(월),40,자세히
1252,김성원,개그맨,1984.06.14(목),38,자세히
1251,쯔위,가수,1999.06.14(월),23,자세히
1250,최불암,배우,1940.06.15(토),82,자세히
1249,오달수,배우,1968.06.15(토),54,자세히
1248,조민희,배우,1970.06.15(월),52,자세히
1247,권영기,개그맨,1985.06.15(토),37,자세히
1246,비와이,가수,1993.06.15(화),29,자세히
1245,하주연,가수,1986.06.16(월),36,자세히
1244,임영웅,가수,1991.06.16(일),31,자세히
1243,박보검,배우,1993.06.16(수),29,자세히
1242,현철,가수,1945.06.17(일),77,자세히
1241,이한위,배우,1961.06.17(토),61,자세히
1240,조한선,배우,1981.06.17(수),41,자세히
1239,류근지,개그맨,1984.06.17(일),38,자세히
1238,전혜진,배우,1988.06.17(금),34,자세히
1237,이수만,가수,1952.06.18(수),70,자세히
1236,유동근,배우,1956.06.18(월),66,자세히
1235,강석정,배우,1979.06.18(월),43,자세히
1234,김사희,배우,1983.06.18(토),39,자세히
1233,정다혜,배우,1985.06.18(화),37,자세히
1232,아린,가수,1999.06.18(금),23,자세히
1231,윤여정,배우,1947.06.19(목),75,자세히
1230,김일우,배우,1963.06.19(수),59,자세히
1229,장정희,배우,1958.06.20(금),64,자세히
1228,손종학,배우,1967.06.20(화),55,자세히
1227,강태오,배우,1994.06.20(월),28,자세히
1226,조완기,배우,1982.06.21(월),40,자세히
1225,이재원,배우,1986.06.21(토),36,자세히
1224,려욱,가수,1987.06.21(일),35,자세히
1223,고성희,배우,1990.06.21(목),32,자세히
1222,장동휘,배우,1920.06.22(화),102,자세히
1221,정한용,배우,1954.06.22(화),68,자세히
1220,이홍렬,개그맨,1954.06.22(화),68,자세히
1219,오연서,배우,1987.06.22(월),35,자세히
1218,이민호,배우,1987.06.22(월),35,자세히
1217,정용화,가수,1989.06.22(목),33,자세히
1216,김형곤,개그맨,1957.06.23(일),65,자세히
1215,설운도,가수,1958.06.23(월),64,자세히
1214,얀,가수,1973.06.23(토),49,자세히
1213,김영철,개그맨,1974.06.23(일),48,자세히
1212,임지연,배우,1990.06.23(토),32,자세히
1211,김현수,배우,2000.06.23(금),22,자세히
1210,김기현,배우,1945.06.24(일),77,자세히
1209,손현주,배우,1965.06.24(목),57,자세히
1208,지진희,배우,1971.06.24(목),51,자세히
1207,김여진,배우,1972.06.24(토),50,자세히
1206,이상민,가수,1973.06.24(일),49,자세히
1205,김대희,개그맨,1974.06.24(월),48,자세히
1204,박재정,배우,1980.06.24(화),42,자세히
1203,김경진,방송인,1983.06.24(금),39,자세히
1202,닉쿤,가수,1988.06.24(금),34,자세히
1201,윤주상,배우,1949.06.25(토),73,자세히
1200,채시라,배우,1968.06.25(화),54,자세히
1199,비,가수,1982.06.25(금),40,자세히
1198,박신아,배우,1988.06.25(토),34,자세히
1197,김범룡,가수,1960.06.26(일),62,자세히
1196,허수경,방송인,1967.06.26(월),55,자세히
1195,이필모,배우,1974.06.26(수),48,자세히
1194,최규환,배우,1978.06.26(월),44,자세히
1193,정하윤,배우,1987.06.26(금),35,자세히
1192,한서진,배우,1989.06.26(월),33,자세히
1191,이용복,가수,1952.06.27(금),70,자세히
1190,박준규,배우,1964.06.27(토),58,자세히
1189,김보성,배우,1966.06.27(월),56,자세히
1188,정종철,방송인,1977.06.27(월),45,자세히
1187,김규리,배우,1979.06.27(수),43,자세히
1186,노우진,개그맨,1980.06.27(금),42,자세히
1185,손호준,배우,1984.06.27(수),38,자세히
1184,양진성,배우,1988.06.27(월),34,자세히
1183,안소희,배우,1992.06.27(토),30,자세히
1182,하춘화,가수,1955.06.28(화),67,자세히
1181,김영배,배우,1958.06.28(토),64,자세히
1180,홍지민,배우,1973.06.28(목),49,자세히
1179,박동하,배우,1974.06.28(금),48,자세히
1178,하지원,배우,1978.06.28(수),44,자세히
1177,최재웅,배우,1979.06.28(목),43,자세히
1176,하동균,가수,1980.06.28(토),42,자세히
1175,정겨운,배우,1982.06.28(월),40,자세히
1174,오현철,배우,1985.06.28(금),37,자세히
1173,서현,가수,1991.06.28(금),31,자세히
1172,강민혁,배우,1991.06.28(금),31,자세히
1171,임희숙,가수,1950.06.29(목),72,자세히
1170,백현진,배우,1972.06.29(목),50,자세히
1169,이희준,배우,1979.06.29(금),43,자세히
1168,한지혜,배우,1984.06.29(금),38,자세히
1167,손승원,배우,1990.06.29(금),32,자세히
1166,조재현,배우,1965.06.30(수),57,자세히
1165,염수연,가수,1968.06.30(일),54,자세히
1164,강병규,방송인,1972.06.30(금),50,자세히
1163,홍수아,배우,1986.06.30(월),36,자세히
1162,차영남,배우,1988.06.30(목),34,자세히
1161,엔,가수,1990.06.30(토),32,자세히
1160,이대근,배우,1943.07.01(목),79,자세히
1159,고지용,가수,1980.07.01(화),42,자세히
1158,이특,가수,1983.07.01(금),39,자세히
1157,안재현,모델,1987.07.01(수),35,자세히
1156,연제욱,배우,1987.07.01(수),35,자세히
1155,태용,가수,1995.07.01(토),27,자세히
1154,이수민,배우,2001.07.01(일),21,자세히
1153,김찬,개그맨,1966.07.02(토),56,자세히
1152,문소리,배우,1974.07.02(화),48,자세히
1151,한민관,개그맨,1980.07.02(수),42,자세히
1150,김고은,배우,1991.07.02(화),31,자세히
1149,신애라,배우,1969.07.03(목),53,자세히
1148,이시언,배우,1982.07.03(토),40,자세히
1147,장윤석,개그맨,1987.07.03(금),35,자세히
1146,로이킴,가수,1993.07.03(토),29,자세히
1145,김동한,가수,1998.07.03(금),24,자세히
1144,임태경,가수,1973.07.04(수),49,자세히
1143,이제훈,배우,1984.07.04(수),38,자세히
1142,윤두준,가수,1989.07.04(화),33,자세히
1141,백주호,가수,1996.07.04(목),26,자세히
1140,이일웅,배우,1942.07.05(일),80,자세히
1139,손호균,배우,1963.07.05(금),59,자세히
1138,손지연,가수,1973.07.05(목),49,자세히
1137,이혁재,개그맨,1973.07.05(목),49,자세히
1136,정운택,배우,1975.07.05(토),47,자세히
1135,조유진,가수,1977.07.05(화),45,자세히
1134,호란,가수,1979.07.05(목),43,자세히
1133,윤경호,배우,1980.07.05(토),42,자세히
1132,김성균,배우,1980.07.05(토),42,자세히
1131,연우진,배우,1984.07.05(목),38,자세히
1130,지창욱,배우,1987.07.05(일),35,자세히
1129,혁,가수,1995.07.05(수),27,자세히
1128,강혜원,가수,1999.07.05(월),23,자세히
1127,남희석,개그맨,1971.07.06(화),51,자세히
1126,이세준,가수,1972.07.06(목),50,자세히
1125,김숙,개그우먼,1975.07.06(일),47,자세히
1124,주민경,배우,1989.07.06(목),33,자세히
1123,표영호,개그맨,1967.07.07(금),55,자세히
1122,정민성,배우,1975.07.07(월),47,자세히
1121,서우,배우,1985.07.07(일),37,자세히
1120,김범,배우,1989.07.07(금),33,자세히
1119,최태준,배우,1991.07.07(일),31,자세히
1118,윤채경,가수,1996.07.07(일),26,자세히
1117,이인철,배우,1951.07.08(일),71,자세히
1116,임우일,배우,1981.07.08(수),41,자세히
1115,서현석,배우,1989.07.08(토),33,자세히
1114,신현수,배우,1989.07.08(토),33,자세히
1113,박경,가수,1992.07.08(수),30,자세히
1112,박준희,가수,1974.07.09(화),48,자세히
1111,최형인,배우,1949.07.10(일),73,자세히
1110,김부선,배우,1961.07.10(월),61,자세히
1109,박휘순,개그맨,1977.07.10(일),45,자세히
1108,박주희,가수,1977.07.10(일),45,자세히
1107,공유,배우,1979.07.10(화),43,자세히
1106,김희철,가수,1983.07.10(일),39,자세히
1105,정수교,배우,1987.07.10(금),35,자세히
1104,이시아,배우,1990.07.10(화),32,자세히
1103,성준,배우,1990.07.10(화),32,자세히
1102,채수빈,배우,1994.07.10(일),28,자세히
1101,문가영,배우,1996.07.10(수),26,자세히
1100,최산,가수,1999.07.10(토),23,자세히
1099,심수봉,가수,1955.07.11(월),67,자세히
1098,추가열,가수,1968.07.11(목),54,자세히
1097,이철민,배우,1970.07.11(토),52,자세히
1096,박혁권,배우,1971.07.11(일),51,자세히
1095,김강우,배우,1978.07.11(화),44,자세히
1094,서민정,배우,1979.07.11(수),43,자세히
1093,최수형,배우,1979.07.11(수),43,자세히
1092,임수정,배우,1979.07.11(수),43,자세히
1091,정승빈,개그맨,1991.07.11(목),31,자세히
1090,이병헌,배우,1970.07.12(일),52,자세히
1089,노지훈,가수,1990.07.12(목),32,자세히
1088,장동윤,배우,1992.07.12(일),30,자세히
1087,우도환,배우,1992.07.12(일),30,자세히
1086,김희갑,배우,1923.07.13(금),99,자세히
1085,장미화,가수,1946.07.13(토),76,자세히
1084,이재진,가수,1979.07.13(금),43,자세히
1083,지혁,가수,1987.07.13(월),35,자세히
1082,진온,가수,1989.07.13(목),33,자세히
1081,윤덕용,배우,1942.07.14(화),80,자세히
1080,이혜리,가수,1967.07.14(금),55,자세히
1079,권재관,개그맨,1977.07.14(목),45,자세히
1078,박현진,배우,1982.07.14(수),40,자세히
1077,이광수,배우,1985.07.14(일),37,자세히
1076,김정구,가수,1916.07.15(토),106,자세히
1075,김지미,배우,1940.07.15(월),82,자세히
1074,김세환,가수,1948.07.15(목),74,자세히
1073,최영준,개그맨,1954.07.15(목),68,자세히
1072,장미화,개그우먼,1970.07.15(수),52,자세히
1071,최재환,배우,1983.07.15(금),39,자세히
1070,문희,배우,1947.07.16(수),75,자세히
1069,김정난,배우,1971.07.16(금),51,자세히
1068,장수원,가수,1980.07.16(수),42,자세히
1067,이엘,배우,1982.07.16(금),40,자세히
1066,차예련,배우,1985.07.16(화),37,자세히
1065,홍윤화,개그우먼,1988.07.16(토),34,자세히
1064,김우빈,배우,1989.07.16(일),33,자세히
1063,설하윤,가수,1992.07.16(목),30,자세히
1062,서희승,배우,1952.07.17(목),70,자세히
1061,장현성,배우,1970.07.17(금),52,자세히
1060,정재용,가수,1973.07.17(화),49,자세히
1059,안일권,개그맨,1979.07.17(화),43,자세히
1058,김원효,개그맨,1981.07.17(금),41,자세히
1057,김진우,배우,1983.07.17(일),39,자세히
1056,다나,가수,1986.07.17(목),36,자세히
1055,이영후,배우,1940.07.18(목),82,자세히
1054,송요셉,배우,1973.07.18(수),49,자세히
1053,이선진,배우,1974.07.18(목),48,자세히
1052,주상욱,배우,1978.07.18(화),44,자세히
1051,조복래,배우,1986.07.18(금),36,자세히
1050,임세준,가수,1989.07.18(화),33,자세히
1049,태민,가수,1993.07.18(일),29,자세히
1048,권진아,가수,1997.07.18(금),25,자세히
1047,홍승일,배우,1974.07.19(금),48,자세히
1046,미키광수,개그맨,1984.07.19(목),38,자세히
1045,김소혜,배우,1999.07.19(월),23,자세히
1044,박준형,가수,1969.07.20(일),53,자세히
1043,장동민,개그맨,1979.07.20(금),43,자세히
1042,이제니,배우,1979.07.20(금),43,자세히
1041,진구,배우,1980.07.20(일),42,자세히
1040,이주승,배우,1989.07.20(목),33,자세히
1039,강석,방송인,1952.07.21(월),70,자세히
1038,전국환,배우,1952.07.21(월),70,자세히
1037,하덕규,가수,1958.07.21(월),64,자세히
1036,장미관,배우,1989.07.21(금),33,자세히
1035,이화시,배우,1951.07.22(일),71,자세히
1034,김연우,가수,1971.07.22(목),51,자세히
1033,서영은,가수,1973.07.22(일),49,자세히
1032,김지호,배우,1974.07.22(월),48,자세히
1031,타블로,가수,1980.07.22(화),42,자세히
1030,태항호,배우,1983.07.22(금),39,자세히
1029,이선아,배우,1985.07.22(월),37,자세히
1028,이동휘,배우,1985.07.22(월),37,자세히
1027,박지수,배우,1988.07.22(금),34,자세히
1026,최창엽,배우,1989.07.22(토),33,자세히
1025,서우림,배우,1942.07.23(목),80,자세히
1024,선우재덕,배우,1962.07.23(월),60,자세히
1023,김하영,배우,1979.07.23(월),43,자세히
1022,강성민,배우,1979.07.23(월),43,자세히
1021,탁재훈,가수,1968.07.24(수),54,자세히
1020,김상호,배우,1970.07.24(금),52,자세히
1019,김민준,배우,1976.07.24(토),46,자세히
1018,손정민,배우,1977.07.24(일),45,자세히
1017,정용국,개그맨,1977.07.24(일),45,자세히
1016,서태훈,개그맨,1987.07.24(금),35,자세히
1015,한승연,배우,1988.07.24(일),34,자세히
1014,이수빈,배우,1996.07.24(수),26,자세히
1013,김기덕,방송인,1948.07.25(일),74,자세히
1012,양미경,배우,1961.07.25(화),61,자세히
1011,김승수,배우,1971.07.25(일),51,자세히
1010,박하나,가수,1985.07.25(목),37,자세히
1009,명계남,배우,1952.07.26(토),70,자세히
1008,이동건,배우,1980.07.26(토),42,자세히
1007,직재스퍼,가수,1988.07.26(화),34,자세히
1006,김규선,배우,1988.07.26(화),34,자세히
1005,전여빈,배우,1989.07.26(수),33,자세히
1004,문희옥,가수,1969.07.27(일),53,자세히
1003,최여진,배우,1983.07.27(수),39,자세히
1002,김상혁,개그맨,1987.07.27(월),35,자세히
1001,윤진이,배우,1990.07.27(금),32,자세히
1000,조윤우,배우,1991.07.27(토),31,자세히
999,임성훈,방송인,1950.07.28(금),72,자세히
998,김민수,배우,1963.07.28(일),59,자세히
997,염정아,배우,1972.07.28(금),50,자세히
996,이민우,가수,1979.07.28(토),43,자세히
995,조인성,배우,1981.07.28(화),41,자세히
994,김시덕,개그맨,1981.07.28(화),41,자세히
993,신주환,배우,1986.07.28(월),36,자세히
992,박소영,개그우먼,1987.07.28(화),35,자세히
991,이인성,배우,1996.07.28(일),26,자세히
990,최병학,배우,1940.07.29(월),82,자세히
989,진봉진,배우,1942.07.29(수),80,자세히
988,이성애,가수,1952.07.29(화),70,자세히
987,박준금,배우,1962.07.29(일),60,자세히
986,이만기,방송인,1963.07.29(월),59,자세히
985,심신,가수,1967.07.29(토),55,자세히
984,장남열,배우,1967.07.29(토),55,자세히
983,타이거JK,가수,1974.07.29(월),48,자세히
982,추성훈,선수,1975.07.29(화),47,자세히
981,김병만,개그맨,1975.07.29(화),47,자세히
980,김동욱,배우,1983.07.29(금),39,자세히
979,김원주,가수,1987.07.29(수),35,자세히
978,신세경,배우,1990.07.29(일),32,자세히
977,홍영기,방송인,1992.07.29(수),30,자세히
976,윤정희,배우,1944.07.30(일),78,자세히
975,변진섭,가수,1966.07.30(토),56,자세히
974,이재훈,가수,1974.07.30(화),48,자세히
973,김민정,배우,1982.07.30(금),40,자세히
972,박재민,배우,1983.07.30(토),39,자세히
971,던밀스,가수,1988.07.30(토),34,자세히
970,박세영,배우,1988.07.30(토),34,자세히
969,이종혁,배우,1974.07.31(수),48,자세히
968,이상원,배우,1982.07.31(토),40,자세히
967,박수아,가수,1992.07.31(금),30,자세히
966,주찬,가수,1999.07.31(토),23,자세히
965,김새론,배우,2000.07.31(월),22,자세히
964,남궁원,배우,1934.08.01(수),88,자세히
963,김국환,가수,1948.08.01(일),74,자세히
962,이경규,방송인,1960.08.01(월),62,자세히
961,안상태,개그맨,1978.08.01(화),44,자세히
960,주안,가수,1985.08.01(목),37,자세히
959,김리나,배우,1985.08.01(목),37,자세히
958,티파니,가수,1989.08.01(화),33,자세히
957,김서지,배우,1989.08.01(화),33,자세히
956,최은숙,배우,1948.08.02(월),74,자세히
955,고은민,배우,1989.08.02(수),33,자세히
954,마크,가수,1999.08.02(월),23,자세히
953,이대성,코미디언,1936.08.03(월),86,자세히
952,이명주,가수,1958.08.03(일),64,자세히
951,윤기원,배우,1971.08.03(화),51,자세히
950,김형준,가수,1987.08.03(월),35,자세히
949,강민경,가수,1990.08.03(금),32,자세히
948,연정,가수,1999.08.03(화),23,자세히
947,김승욱,배우,1963.08.04(일),59,자세히
946,이윤성,배우,1973.08.04(토),49,자세히
945,나원주,가수,1973.08.04(토),49,자세히
944,이규한,배우,1980.08.04(월),42,자세히
943,전미도,배우,1982.08.04(수),40,자세히
942,손여은,배우,1983.08.04(목),39,자세히
941,김은영,배우,1986.08.04(월),36,자세히
940,장근석,배우,1987.08.04(화),35,자세히
939,정동환,배우,1949.08.05(금),73,자세히
938,이봉원,개그맨,1963.08.05(월),59,자세히
937,방은진,배우,1965.08.05(목),57,자세히
936,최형만,개그맨,1967.08.05(토),55,자세히
935,최윤영,배우,1975.08.05(화),47,자세히
934,권상우,배우,1976.08.05(목),46,자세히
933,윤서진,배우,1983.08.05(금),39,자세히
932,윤진서,배우,1983.08.05(금),39,자세히
931,신소율,배우,1985.08.05(월),37,자세히
930,위하준,배우,1991.08.05(월),31,자세히
929,김효원,배우,1954.08.06(금),68,자세히
928,김상중,배우,1965.08.06(금),57,자세히
927,김민주,배우,1979.08.06(월),43,자세히
926,하연주,배우,1987.08.06(목),35,자세히
925,김연서,배우,1996.08.06(화),26,자세히
924,전원석,가수,1963.08.07(수),59,자세히
923,장성원,배우,1976.08.07(토),46,자세히
922,황인준,배우,1977.08.07(일),45,자세히
921,김재덕,가수,1979.08.07(화),43,자세히
920,장기용,모델,1992.08.07(금),30,자세히
919,로운,가수,1996.08.07(수),26,자세히
918,전원주,배우,1939.08.08(화),83,자세히
917,엄용수,개그맨,1953.08.08(토),69,자세히
916,길은정,가수,1961.08.08(화),61,자세히
915,조성하,배우,1966.08.08(월),56,자세히
914,이은성,배우,1988.08.08(월),34,자세히
913,에스쿱스,가수,1995.08.08(화),27,자세히
912,연운경,배우,1953.08.09(일),69,자세히
911,류승범,배우,1980.08.09(토),42,자세히
910,이영은,배우,1982.08.09(월),40,자세히
909,조세호,개그맨,1982.08.09(월),40,자세히
908,홍진영,가수,1985.08.09(금),37,자세히
907,조경훈,배우,1990.08.09(목),32,자세히
906,황민현,가수,1995.08.09(수),27,자세히
905,형섭,가수,1999.08.09(월),23,자세히
904,김향기,배우,2000.08.09(수),22,자세히
903,황우슬혜,배우,1979.08.10(금),43,자세히
902,김지유,배우,1981.08.10(월),41,자세히
901,닥터심슨,가수,1988.08.10(수),34,자세히
900,이성경,배우,1990.08.10(금),32,자세히
899,고아성,배우,1992.08.10(월),30,자세히
898,정애리,배우,1960.08.11(목),62,자세히
897,소유진,배우,1981.08.11(화),41,자세히
896,자메즈,가수,1989.08.11(금),33,자세히
895,조갑경,가수,1967.08.12(토),55,자세히
894,조영구,방송인,1967.08.12(토),55,자세히
893,한재석,배우,1973.08.12(일),49,자세히
892,박용하,배우,1977.08.12(금),45,자세히
891,윤성한,가수,1979.08.12(일),43,자세히
890,홍인규,개그맨,1980.08.12(화),42,자세히
889,베이식,가수,1986.08.12(화),36,자세히
888,루나,가수,1993.08.12(목),29,자세히
887,신구,배우,1936.08.13(목),86,자세히
886,박혜숙,배우,1948.08.13(금),74,자세히
885,양희은,가수,1952.08.13(수),70,자세히
884,권인하,가수,1959.08.13(목),63,자세히
883,김진표,가수,1977.08.13(토),45,자세히
882,박가령,배우,1988.08.13(토),34,자세히
881,하은설,배우,1989.08.13(일),33,자세히
880,강신효,배우,1989.08.13(일),33,자세히
879,여진구,배우,1997.08.13(수),25,자세히
878,송옥숙,배우,1960.08.14(일),62,자세히
877,편승엽,가수,1964.08.14(금),58,자세히
876,김장훈,가수,1967.08.14(월),55,자세히
875,유재석,개그맨,1972.08.14(월),50,자세히
874,황건,배우,1979.08.14(화),43,자세히
873,숙희,가수,1982.08.14(토),40,자세히
872,공찬,가수,1993.08.14(토),29,자세히
871,조정현,가수,1964.08.15(토),58,자세히
870,박철,배우,1968.08.15(목),54,자세히
869,이영자,배우,1968.08.15(목),54,자세히
868,김철기,배우,1974.08.15(목),48,자세히
867,한상규,개그맨,1974.08.15(목),48,자세히
866,민준현,배우,1975.08.15(금),47,자세히
865,박성광,개그맨,1981.08.15(토),41,자세히
864,송지효,배우,1981.08.15(토),41,자세히
863,이상윤,배우,1981.08.15(토),41,자세히
862,황선희,배우,1986.08.15(금),36,자세히
861,김지현,가수,1972.08.16(수),50,자세히
860,김규리,배우,1979.08.16(목),43,자세히
859,강은탁,배우,1982.08.16(월),40,자세히
858,이영,가수,1992.08.16(일),30,자세히
857,권성덕,배우,1940.08.17(토),82,자세히
856,김민정,배우,1948.08.17(화),74,자세히
855,이경래,배우,1961.08.17(목),61,자세히
854,엄정화,배우,1969.08.17(일),53,자세히
853,김재욱,개그맨,1979.08.17(금),43,자세히
852,전환규,개그맨,1981.08.17(월),41,자세히
851,이상호,개그맨,1981.08.17(월),41,자세히
850,이상민,개그맨,1981.08.17(월),41,자세히
849,강동호,배우,1985.08.17(토),37,자세히
848,유승호,배우,1993.08.17(화),29,자세히
847,배철수,가수,1953.08.18(화),69,자세히
846,정명환,배우,1960.08.18(목),62,자세히
845,강수연,배우,1966.08.18(목),56,자세히
844,최필립,배우,1979.08.18(토),43,자세히
843,이문재,개그맨,1982.08.18(수),40,자세히
842,양세형,개그맨,1985.08.18(일),37,자세히
841,권수현,배우,1986.08.18(월),36,자세히
840,박슬기,개그우먼,1986.08.18(월),36,자세히
839,지드래곤,가수,1988.08.18(목),34,자세히
838,정은지,가수,1993.08.18(수),29,자세히
837,노주현,배우,1946.08.19(월),76,자세히
836,최용민,배우,1953.08.19(수),69,자세히
835,유미리,가수,1965.08.19(목),57,자세히
834,양준일,가수,1969.08.19(화),53,자세히
833,김대범,개그맨,1979.08.19(일),43,자세히
832,전진,가수,1980.08.19(화),42,자세히
831,손태영,배우,1980.08.19(화),42,자세히
830,송인화,배우,1988.08.19(금),34,자세히
829,보나,가수,1995.08.19(토),27,자세히
828,한혜숙,배우,1951.08.20(월),71,자세히
827,김학철,배우,1959.08.20(목),63,자세히
826,채소연,가수,1974.08.20(화),48,자세히
825,하하,가수,1979.08.20(월),43,자세히
824,황금희,배우,1980.08.20(수),42,자세히
823,이기용,배우,1985.08.20(화),37,자세히
822,김유행,배우,1946.08.21(수),76,자세히
821,조덕배,가수,1959.08.21(금),63,자세히
820,예진,가수,1967.08.21(월),55,자세히
819,박선영,배우,1976.08.21(토),46,자세히
818,공예지,배우,1987.08.21(금),35,자세히
817,김기범,배우,1987.08.21(금),35,자세히
816,송승현,가수,1992.08.21(금),30,자세히
815,정승환,가수,1996.08.21(수),26,자세히
814,설수진,배우,1974.08.22(목),48,자세히
813,서호철,배우,1975.08.22(금),47,자세히
812,이은우,배우,1980.08.22(금),42,자세히
811,윤효동,개그우먼,1986.08.22(금),36,자세히
810,민진웅,배우,1986.08.22(금),36,자세히
809,배유람,배우,1986.08.22(금),36,자세히
808,조보아,배우,1991.08.22(목),31,자세히
807,김정민,가수,1968.08.23(금),54,자세히
806,이성재,배우,1970.08.23(일),52,자세히
805,노현희,배우,1972.08.23(수),50,자세히
804,김진,배우,1973.08.23(목),49,자세히
803,변기수,개그맨,1979.08.23(목),43,자세히
802,김영희,개그우먼,1983.08.23(화),39,자세히
801,채린,가수,1988.08.23(화),34,자세히
800,안길강,배우,1966.08.24(수),56,자세히
799,서지혜,배우,1984.08.24(금),38,자세히
798,예성,가수,1984.08.24(금),38,자세히
797,효인,가수,1989.08.24(목),33,자세히
796,한혜리,가수,1997.08.24(일),25,자세히
795,서영춘,개그맨,1928.08.25(토),94,자세히
794,임희춘,코미디언,1933.08.25(금),89,자세히
793,김학래,방송인,1954.08.25(수),68,자세히
792,손병호,배우,1962.08.25(토),60,자세히
791,이상우,가수,1963.08.25(일),59,자세히
790,이상순,가수,1974.08.25(일),48,자세히
789,아유미,가수,1984.08.25(토),38,자세히
788,신수항,배우,1987.08.25(화),35,자세히
787,황광희,가수,1988.08.25(목),34,자세히
786,옹성우,가수,1995.08.25(금),27,자세히
785,이기영,배우,1963.08.26(월),59,자세히
784,전소연,가수,1998.08.26(수),24,자세히
783,도금봉,배우,1930.08.27(수),92,자세히
782,강남길,배우,1958.08.27(수),64,자세히
781,김명수,배우,1966.08.27(토),56,자세히
780,박명수,방송인,1970.08.27(목),52,자세히
779,강성범,개그맨,1974.08.27(화),48,자세히
778,김필,가수,1986.08.27(수),36,자세히
777,이상벽,방송인,1947.08.28(목),75,자세히
776,허진,배우,1949.08.28(일),73,자세히
775,문희경,배우,1965.08.28(토),57,자세히
774,전노민,배우,1966.08.28(일),56,자세히
773,이지은,배우,1971.08.28(토),51,자세히
772,김민희,배우,1972.08.28(월),50,자세히
771,서남용,개그맨,1979.08.28(화),43,자세히
770,소이현,배우,1984.08.28(화),38,자세히
769,조권,가수,1989.08.28(월),33,자세히
768,김세정,가수,1996.08.28(수),26,자세히
767,배용준,배우,1972.08.29(화),50,자세히
766,인교진,배우,1980.08.29(금),42,자세히
765,데니스오,모델,1981.08.29(토),41,자세히
764,김우주,가수,1985.08.29(목),37,자세히
763,봉구,가수,1986.08.29(금),36,자세히
762,이시원,배우,1987.08.29(토),35,자세히
761,락채은,모델,1989.08.29(화),33,자세히
760,김일중,방송인,1979.08.30(목),43,자세히
759,허영지,가수,1994.08.30(화),28,자세히
758,정경호,배우,1983.08.31(수),39,자세히
757,고준희,배우,1985.08.31(토),37,자세히
756,성유빈,가수,1987.08.31(월),35,자세히
755,신혜선,배우,1989.08.31(목),33,자세히
754,황정민,배우,1970.09.01(화),52,자세히
753,김창환,배우,1986.09.01(월),36,자세히
752,우혜림,가수,1992.09.01(화),30,자세히
751,정국,가수,1997.09.01(월),25,자세히
750,임채무,배우,1949.09.02(금),73,자세히
749,차주옥,배우,1965.09.02(목),57,자세히
748,알렉스,가수,1979.09.02(일),43,자세히
747,이종훈,개그맨,1982.09.02(목),40,자세히
746,박인수,가수,1947.09.03(수),75,자세히
745,김수미,배우,1949.09.03(토),73,자세히
744,기주봉,배우,1955.09.03(토),67,자세히
743,오지혜,배우,1968.09.03(화),54,자세히
742,김영필,배우,1973.09.03(월),49,자세히
741,양진우,배우,1979.09.03(월),43,자세히
740,정경미,개그우먼,1980.09.03(수),42,자세히
739,권도균,배우,1988.09.03(토),34,자세히
738,장현승,가수,1989.09.03(일),33,자세히
737,이주우,배우,1990.09.03(월),32,자세히
736,이성종,가수,1993.09.03(금),29,자세히
735,조이,가수,1996.09.03(화),26,자세히
734,기국서,배우,1952.09.04(목),70,자세히
733,전인권,가수,1954.09.04(토),68,자세히
732,박순애,배우,1965.09.04(토),57,자세히
731,현진우,가수,1975.09.04(목),47,자세히
730,MC몽,가수,1979.09.04(화),43,자세히
729,박은빈,배우,1992.09.04(금),30,자세히
728,김을동,배우,1945.09.05(수),77,자세히
727,김영인,배우,1952.09.05(금),70,자세히
726,김혜수,배우,1970.09.05(토),52,자세히
725,이현도,가수,1972.09.05(화),50,자세히
724,류수영,배우,1979.09.05(수),43,자세히
723,바로,가수,1992.09.05(토),30,자세히
722,유하영,배우,1974.09.06(금),48,자세히
721,한윤서,개그우먼,1986.09.06(토),36,자세히
720,김윤지,가수,1988.09.06(화),34,자세히
719,한세아,배우,1988.09.06(화),34,자세히
718,김소은,배우,1989.09.06(수),33,자세히
717,하민우,가수,1990.09.06(목),32,자세히
716,이봉규,배우,1949.09.07(수),73,자세히
715,윤순홍,배우,1956.09.07(금),66,자세히
714,진희경,배우,1968.09.07(토),54,자세히
713,윤선우,배우,1985.09.07(토),37,자세히
712,김아라,배우,1991.09.07(토),31,자세히
711,최상훈,배우,1954.09.08(수),68,자세히
710,이창훈,배우,1966.09.08(목),56,자세히
709,오협,배우,1973.09.08(토),49,자세히
708,박소담,배우,1991.09.08(일),31,자세히
707,오경아,배우,1945.09.09(일),77,자세히
706,배인숙,가수,1951.09.09(일),71,자세히
705,천호진,배우,1960.09.09(금),62,자세히
704,김가연,배우,1972.09.09(토),50,자세히
703,김기연,배우,1975.09.09(화),47,자세히
702,정상훈,배우,1976.09.09(목),46,자세히
701,채정안,가수,1977.09.09(금),45,자세히
700,김정화,배우,1983.09.09(금),39,자세히
699,정일우,배우,1987.09.09(수),35,자세히
698,장호일,가수,1965.09.10(금),57,자세히
697,위양호,개그맨,1972.09.10(일),50,자세히
696,이병욱,배우,1974.09.10(화),48,자세히
695,유오성,배우,1966.09.11(일),56,자세히
694,구준엽,가수,1969.09.11(목),53,자세히
693,구본승,가수,1973.09.11(화),49,자세히
692,장민호,가수,1977.09.11(일),45,자세히
691,윤혜경,배우,1979.09.11(화),43,자세히
690,김민경,개그우먼,1981.09.11(금),41,자세히
689,정인기,배우,1966.09.12(월),56,자세히
688,정명현,배우,1976.09.12(일),46,자세히
687,최윤영,방송인,1977.09.12(월),45,자세히
686,유세윤,개그맨,1980.09.12(금),42,자세히
685,한다감,배우,1980.09.12(금),42,자세히
684,김용준,가수,1984.09.12(수),38,자세히
683,빈지노,가수,1987.09.12(토),35,자세히
682,고원희,배우,1994.09.12(월),28,자세히
681,RM,가수,1994.09.12(월),28,자세히
680,이찬혁,가수,1996.09.12(목),26,자세히
679,황인식,배우,1940.09.13(금),82,자세히
678,김주영,배우,1952.09.13(토),70,자세히
677,송선미,배우,1974.09.13(금),48,자세히
676,진선규,배우,1977.09.13(화),45,자세히
675,한채영,배우,1980.09.13(토),42,자세히
674,오승아,가수,1988.09.13(화),34,자세히
673,검지,가수,1988.09.13(화),34,자세히
672,존박,가수,1988.09.13(화),34,자세히
671,연준,가수,1999.09.13(월),23,자세히
670,김혜자,배우,1941.09.14(일),81,자세히
669,정현,배우,1945.09.14(금),77,자세히
668,이명훈,가수,1958.09.14(일),64,자세히
667,신동욱,배우,1982.09.14(화),40,자세히
666,이종석,배우,1989.09.14(목),33,자세히
665,나나,가수,1991.09.14(토),31,자세히
664,지코,가수,1992.09.14(월),30,자세히
663,스테파니리,모델,1993.09.14(화),29,자세히
662,정유안,배우,1999.09.14(화),23,자세히
661,정상철,배우,1948.09.15(수),74,자세히
660,우상전,배우,1950.09.15(금),72,자세히
659,조재윤,배우,1974.09.15(일),48,자세히
658,배소은,배우,1988.09.15(목),34,자세히
657,류선영,배우,1988.09.15(목),34,자세히
656,이정신,가수,1991.09.15(일),31,자세히
655,김태균,개그맨,1972.09.16(토),50,자세히
654,도기석,배우,1974.09.16(월),48,자세히
653,수애,배우,1979.09.16(일),43,자세히
652,허영란,배우,1980.09.16(화),42,자세히
651,이진욱,배우,1981.09.16(수),41,자세히
650,전성초,배우,1989.09.17(일),33,자세히
649,남지현,배우,1995.09.17(일),27,자세히
648,김형자,배우,1950.09.18(월),72,자세히
647,한예슬,배우,1981.09.18(금),41,자세히
646,제아,가수,1981.09.18(금),41,자세히
645,한그림,배우,1986.09.18(목),36,자세히
644,유민규,배우,1987.09.18(금),35,자세히
643,엠버,가수,1992.09.18(금),30,자세히
642,강승모,가수,1961.09.19(화),61,자세히
641,백미현,가수,1966.09.19(월),56,자세히
640,김완기,개그맨,1979.09.19(수),43,자세히
639,송중기,배우,1985.09.19(목),37,자세히
638,위지웅,배우,1986.09.19(금),36,자세히
637,서하준,배우,1989.09.19(화),33,자세히
636,선우용여,배우,1945.09.20(목),77,자세히
635,이정선,가수,1950.09.20(수),72,자세히
634,송용태,배우,1952.09.20(토),70,자세히
633,나영희,배우,1961.09.20(수),61,자세히
632,황미선,배우,1967.09.20(수),55,자세히
631,안재모,배우,1979.09.20(목),43,자세히
630,가인,가수,1987.09.20(일),35,자세히
629,최주봉,배우,1945.09.21(금),77,자세히
628,박혜진,배우,1958.09.21(일),64,자세히
627,권재희,배우,1962.09.21(금),60,자세히
626,하상훈,개그맨,1967.09.21(목),55,자세히
625,윤상현,배우,1973.09.21(금),49,자세히
624,정철욱,개그맨,1987.09.21(월),35,자세히
623,첸,가수,1992.09.21(월),30,자세히
622,김미화,개그우먼,1964.09.22(화),58,자세히
621,김유석,배우,1966.09.22(목),56,자세히
620,유채영,가수,1973.09.22(토),49,자세히
619,민성욱,배우,1979.09.22(토),43,자세히
618,공민영,배우,1985.09.22(일),37,자세히
617,강승현,모델,1987.09.22(화),35,자세히
616,효연,가수,1989.09.22(금),33,자세히
615,김유정,배우,1999.09.22(수),23,자세히
614,박웅,배우,1940.09.23(월),82,자세히
613,황범식,배우,1946.09.23(월),76,자세히
612,혜은이,가수,1956.09.23(일),66,자세히
611,이청,배우,1963.09.23(월),59,자세히
610,양수경,가수,1967.09.23(토),55,자세히
609,이미연,배우,1971.09.23(목),51,자세히
608,심은하,배우,1972.09.23(토),50,자세히
607,서정연,배우,1975.09.23(화),47,자세히
606,나얼,가수,1978.09.23(토),44,자세히
605,이하나,배우,1982.09.23(목),40,자세히
604,키,가수,1991.09.23(월),31,자세히
603,이하이,가수,1996.09.23(월),26,자세히
602,이하원,배우,1956.09.24(월),66,자세히
601,최종환,배우,1965.09.24(금),57,자세히
600,김종민,가수,1979.09.24(월),43,자세히
599,태일,가수,1990.09.24(월),32,자세히
598,박세완,배우,1994.09.24(토),28,자세히
597,정명훈,개그맨,1979.09.25(화),43,자세히
596,현빈,배우,1982.09.25(토),40,자세히
595,손담비,가수,1983.09.25(일),39,자세히
594,류준열,배우,1986.09.25(목),36,자세히
593,도희,가수,1994.09.25(일),28,자세히
592,김병세,배우,1962.09.26(수),60,자세히
591,김란영,가수,1963.09.26(목),59,자세히
590,신정근,배우,1966.09.26(월),56,자세히
589,주진모,배우,1974.09.26(목),48,자세히
588,윤시윤,배우,1986.09.26(금),36,자세히
587,김진우,가수,1991.09.26(목),31,자세히
586,남진,가수,1946.09.27(금),76,자세히
585,이치현,가수,1955.09.27(화),67,자세히
584,남경주,배우,1964.09.27(일),58,자세히
583,김현철,개그맨,1970.09.27(일),52,자세히
582,조정치,가수,1978.09.27(수),44,자세히
581,제이윤,가수,1982.09.27(월),40,자세히
580,전혜빈,배우,1983.09.27(화),39,자세히
579,배슬기,배우,1986.09.27(토),36,자세히
578,은지,가수,1988.09.27(화),34,자세히
577,전계현,배우,1937.09.28(화),85,자세히
576,전무송,배우,1941.09.28(일),81,자세히
575,김혜선,배우,1969.09.28(일),53,자세히
574,김경란,방송인,1977.09.28(수),45,자세히
573,신동,가수,1985.09.28(토),37,자세히
572,김보라,배우,1995.09.28(목),27,자세히
571,장두석,개그맨,1957.09.29(일),65,자세히
570,정재환,개그맨,1961.09.29(금),61,자세히
569,윤승아,배우,1983.09.29(목),39,자세히
568,최예나,가수,1999.09.29(수),23,자세히
567,BMK,가수,1973.09.30(일),49,자세히
566,이기홍,배우,1986.09.30(화),36,자세히
565,주원,배우,1987.09.30(수),35,자세히
564,이현정,개그우먼,1987.09.30(수),35,자세히
563,이정길,배우,1944.10.01(일),78,자세히
562,강석우,배우,1957.10.01(화),65,자세히
561,양승걸,배우,1963.10.01(화),59,자세히
560,감우성,배우,1970.10.01(목),52,자세히
559,송일국,배우,1971.10.01(금),51,자세히
558,김선아,배우,1973.10.01(월),49,자세히
557,양상국,개그맨,1983.10.01(토),39,자세히
556,장인한,배우,1918.10.02(수),104,자세히
555,남궁옥분,가수,1958.10.02(목),64,자세히
554,윤택,개그맨,1972.10.02(월),50,자세히
553,김새롬,모델,1987.10.02(금),35,자세히
552,김호중,가수,1991.10.02(수),31,자세히
551,김경애,배우,1945.10.03(수),77,자세히
550,이장희,가수,1947.10.03(금),75,자세히
549,오수미,배우,1950.10.03(화),72,자세히
548,홍기훈,개그맨,1968.10.03(목),54,자세히
547,홍록기,배우,1969.10.03(금),53,자세히
546,김구라,방송인,1970.10.03(토),52,자세히
545,김주혁,배우,1972.10.03(화),50,자세히
544,박강수,가수,1973.10.03(수),49,자세히
543,윤은혜,배우,1984.10.03(수),38,자세히
542,요아리,가수,1987.10.03(토),35,자세히
541,김태화,가수,1950.10.04(수),72,자세히
540,김창준,개그맨,1957.10.04(금),65,자세히
539,김늘메,개그맨,1975.10.04(토),47,자세히
538,김준성,배우,1975.10.04(토),47,자세히
537,고수,배우,1978.10.04(수),44,자세히
536,유빈,가수,1988.10.04(화),34,자세히
535,서지승,배우,1988.10.04(화),34,자세히
534,이박사,가수,1954.10.05(화),68,자세히
533,고인범,배우,1959.10.05(월),63,자세히
532,박주미,배우,1972.10.05(목),50,자세히
531,김상태,개그맨,1973.10.05(금),49,자세히
530,송승헌,배우,1976.10.05(화),46,자세히
529,송종호,배우,1976.10.05(화),46,자세히
528,소연,가수,1987.10.05(월),35,자세히
527,박주현,배우,1994.10.05(수),28,자세히
526,류시원,가수,1972.10.06(금),50,자세히
525,백원길,배우,1972.10.06(금),50,자세히
524,고소영,배우,1972.10.06(금),50,자세히
523,유혜정,배우,1973.10.06(토),49,자세히
522,신봉선,개그우먼,1980.10.06(월),42,자세히
521,임화영,배우,1984.10.06(토),38,자세히
520,유아인,배우,1986.10.06(월),36,자세히
519,한선화,가수,1990.10.06(토),32,자세히
518,최혜경,배우,1996.10.06(일),26,자세히
517,류승주,배우,1977.10.07(금),45,자세히
516,조수원,개그맨,1979.10.07(일),43,자세히
515,천둥,가수,1990.10.07(일),32,자세히
514,니콜,가수,1991.10.07(월),31,자세히
513,레이,가수,1991.10.07(월),31,자세히
512,안인숙,배우,1952.10.08(수),70,자세히
511,임수정,가수,1963.10.08(화),59,자세히
510,김명민,배우,1972.10.08(일),50,자세히
509,한철우,배우,1977.10.08(토),45,자세히
508,박효주,배우,1982.10.08(금),40,자세히
507,이예준,가수,1988.10.08(토),34,자세히
506,백순진,가수,1949.10.09(일),73,자세히
505,나미,가수,1958.10.09(목),64,자세히
504,이태식,개그맨,1972.10.09(월),50,자세히
503,윤태영,배우,1974.10.09(수),48,자세히
502,유민상,개그맨,1979.10.09(화),43,자세히
501,정태춘,가수,1954.10.10(일),68,자세히
500,이무송,가수,1959.10.10(토),63,자세히
499,강수정,방송인,1971.10.10(일),51,자세히
498,김성주,방송인,1972.10.10(화),50,자세히
497,션,가수,1972.10.10(화),50,자세히
496,안홍진,배우,1974.10.10(목),48,자세히
495,진이한,배우,1978.10.10(화),44,자세히
494,강타,가수,1979.10.10(수),43,자세히
493,최유화,배우,1985.10.10(목),37,자세히
492,윤지연,방송인,1986.10.10(금),36,자세히
491,하연수,배우,1990.10.10(수),32,자세히
490,김슬기,배우,1991.10.10(목),31,자세히
489,수지,가수,1994.10.10(월),28,자세히
488,김자옥,배우,1951.10.11(목),71,자세히
487,임원희,배우,1970.10.11(일),52,자세히
486,박광현,배우,1977.10.11(화),45,자세히
485,배두나,배우,1979.10.11(목),43,자세히
484,허지원,배우,1987.10.11(일),35,자세히
483,헨리,가수,1989.10.11(수),33,자세히
482,추예진,배우,2001.10.11(목),21,자세히
481,서강준,배우,1993.10.12(화),29,자세히
480,고창석,배우,1970.10.13(화),52,자세히
479,조윤희,배우,1982.10.13(수),40,자세히
478,전효성,가수,1989.10.13(금),33,자세히
477,박환희,배우,1990.10.13(토),32,자세히
476,지민,가수,1995.10.13(금),27,자세히
475,임재범,가수,1962.10.14(일),60,자세히
474,김미경,배우,1963.10.14(월),59,자세히
473,차인표,배우,1967.10.14(토),55,자세히
472,김재우,개그맨,1979.10.14(일),43,자세히
471,오윤아,모델,1980.10.14(화),42,자세히
470,강기영,배우,1983.10.14(금),39,자세히
469,스윙스,가수,1986.10.14(화),36,자세히
468,조형기,배우,1958.10.15(수),64,자세히
467,조항조,가수,1959.10.15(목),63,자세히
466,최명길,배우,1962.10.15(월),60,자세히
465,윤종신,가수,1969.10.15(수),53,자세히
464,김시원,배우,1973.10.15(월),49,자세히
463,동해,가수,1986.10.15(수),36,자세히
462,전지윤,가수,1990.10.15(월),32,자세히
461,전웅,가수,1997.10.15(수),25,자세히
460,김의환,개그맨,1961.10.16(월),61,자세히
459,성지루,배우,1968.10.16(수),54,자세히
458,최대철,배우,1978.10.16(월),44,자세히
457,고주원,배우,1981.10.16(금),41,자세히
456,안윤상,개그맨,1982.10.16(토),40,자세히
455,김아중,배우,1982.10.16(토),40,자세히
454,승호,배우,1987.10.16(금),35,자세히
453,스테파니,가수,1987.10.16(금),35,자세히
452,권미진,개그우먼,1988.10.16(일),34,자세히
451,배효원,배우,1988.10.16(일),34,자세히
450,크루셜스타,가수,1989.10.16(월),33,자세히
449,엄정필,개그우먼,1972.10.17(화),50,자세히
448,김수용,개그맨,1966.10.18(화),56,자세히
447,박호산,배우,1972.10.18(수),50,자세히
446,황현희,개그맨,1980.10.18(토),42,자세히
445,차정원,배우,1989.10.18(수),33,자세히
444,오영수,배우,1944.10.19(목),78,자세히
443,홍세미,배우,1947.10.19(일),75,자세히
442,하재영,배우,1952.10.19(일),70,자세히
441,박상민,배우,1970.10.19(월),52,자세히
440,최승민,가수,1973.10.19(금),49,자세히
439,김지원,배우,1992.10.19(월),30,자세히
438,희진,가수,2000.10.19(목),22,자세히
437,김상순,배우,1937.10.20(수),85,자세히
436,이영범,배우,1961.10.20(금),61,자세히
435,허성태,배우,1977.10.20(목),45,자세히
434,임윤호,배우,1989.10.20(금),33,자세히
433,이재준,배우,1990.10.20(토),32,자세히
432,서신애,배우,1998.10.20(화),24,자세히
431,나한일,배우,1955.10.21(금),67,자세히
430,손성훈,가수,1970.10.21(수),52,자세히
429,김바다,가수,1971.10.21(목),51,자세히
428,이종수,배우,1976.10.21(목),46,자세히
427,차준환,선수,2001.10.21(일),21,자세히
426,자니윤,방송인,1936.10.22(목),86,자세히
425,주호성,배우,1950.10.22(일),72,자세히
424,윤종화,배우,1979.10.22(월),43,자세히
423,기안84,만화가,1984.10.22(월),38,자세히
422,챈슬러,가수,1986.10.22(수),36,자세히
421,박하선,배우,1987.10.22(목),35,자세히
420,오창경,배우,1975.10.23(목),47,자세히
419,윤손하,배우,1975.10.23(목),47,자세히
418,이기우,배우,1981.10.23(금),41,자세히
417,이영아,배우,1984.10.23(화),38,자세히
416,서인국,가수,1987.10.23(금),35,자세히
415,신원호,가수,1991.10.23(수),31,자세히
414,이주일,배우,1940.10.24(목),82,자세히
413,김명곤,배우,1952.10.24(금),70,자세히
412,엄효섭,배우,1966.10.24(월),56,자세히
411,유정현,방송인,1967.10.24(화),55,자세히
410,김지수,배우,1972.10.24(화),50,자세히
409,박새별,가수,1985.10.24(목),37,자세히
408,크리스탈,가수,1994.10.24(월),28,자세히
407,이수경,배우,1996.10.24(목),26,자세히
406,박나래,개그우먼,1985.10.25(금),37,자세히
405,오나라,배우,1974.10.26(토),48,자세히
404,전인화,배우,1965.10.27(수),57,자세히
403,박수홍,개그맨,1970.10.27(화),52,자세히
402,오연수,배우,1971.10.27(수),51,자세히
401,오지영,배우,1975.10.27(월),47,자세히
400,홍경인,배우,1976.10.27(수),46,자세히
399,이현섭,가수,1978.10.27(금),44,자세히
398,한혜진,배우,1981.10.27(화),41,자세히
397,홍인영,배우,1985.10.27(일),37,자세히
396,남경민,배우,1987.10.27(화),35,자세히
395,박칠용,배우,1950.10.28(토),72,자세히
394,박영규,배우,1953.10.28(수),69,자세히
393,신현준,배우,1968.10.28(월),54,자세히
392,김서형,배우,1973.10.28(일),49,자세히
391,오정태,배우,1976.10.28(목),46,자세히
390,고은아,배우,1988.10.28(금),34,자세히
389,방실이,가수,1963.10.29(화),59,자세히
388,진시몬,가수,1969.10.29(수),53,자세히
387,하희라,배우,1969.10.29(수),53,자세히
386,이청아,배우,1984.10.29(월),38,자세히
385,김영아,배우,1985.10.29(화),37,자세히
384,이미소,배우,1988.10.29(토),34,자세히
383,이지훈,배우,1988.10.29(토),34,자세히
382,이미자,가수,1941.10.30(목),81,자세히
381,안재욱,배우,1971.10.30(토),51,자세히
380,배용근,배우,1974.10.30(수),48,자세히
379,전지현,배우,1981.10.30(금),41,자세히
378,김연지,가수,1986.10.30(목),36,자세히
377,김지성,배우,1996.10.30(수),26,자세히
376,임하룡,방송인,1952.10.31(금),70,자세히
375,홍진호,방송인,1982.10.31(일),40,자세히
374,민지아,배우,1984.10.31(수),38,자세히
373,손진영,가수,1985.10.31(목),37,자세히
372,임은혜,배우,1987.10.31(토),35,자세히
371,안석환,배우,1959.11.01(일),63,자세히
370,이병진,개그맨,1969.11.01(토),53,자세히
369,곽범,개그맨,1986.11.01(토),36,자세히
368,이민지,배우,1988.11.01(화),34,자세히
367,이찬원,가수,1996.11.01(금),26,자세히
366,김민재,배우,1996.11.01(금),26,자세히
365,김병기,배우,1948.11.02(화),74,자세히
364,김상민,가수,1973.11.02(금),49,자세히
363,스컬,가수,1979.11.02(금),43,자세히
362,김소연,배우,1980.11.02(일),42,자세히
361,미료,가수,1981.11.02(월),41,자세히
360,박우진,가수,1999.11.02(화),23,자세히
359,최선자,배우,1941.11.03(월),81,자세히
358,임주리,가수,1958.11.03(월),64,자세히
357,강산에,가수,1963.11.03(일),59,자세히
356,한석규,배우,1964.11.03(화),58,자세히
355,박지선,개그우먼,1984.11.03(토),38,자세히
354,허영생,가수,1986.11.03(월),36,자세히
353,홍이주,배우,1986.11.03(월),36,자세히
352,김리원,배우,1989.11.03(금),33,자세히
351,민혁,가수,1993.11.03(수),29,자세히
350,렌,가수,1995.11.03(금),27,자세히
349,이소라,모델,1969.11.04(화),53,자세히
348,소지섭,배우,1977.11.04(금),45,자세히
347,엄현경,배우,1986.11.04(화),36,자세히
346,T.O.P,가수,1987.11.04(수),35,자세히
345,구봉서,방송인,1926.11.05(금),96,자세히
344,주현미,가수,1961.11.05(일),61,자세히
343,조민기,배우,1965.11.05(금),57,자세히
342,박정철,배우,1976.11.05(금),46,자세히
341,한지민,배우,1982.11.05(금),40,자세히
340,안영미,개그우먼,1983.11.05(토),39,자세히
339,보아,가수,1986.11.05(수),36,자세히
338,건일,가수,1987.11.05(목),35,자세히
337,이다인,배우,1992.11.05(목),30,자세히
336,신도현,배우,1995.11.05(일),27,자세히
335,신영균,배우,1928.11.06(화),94,자세히
334,남포동,배우,1944.11.06(월),78,자세히
333,김태형,가수,1962.11.06(화),60,자세히
332,권해효,배우,1965.11.06(토),57,자세히
331,주영훈,가수,1969.11.06(목),53,자세히
330,이성욱,가수,1973.11.06(화),49,자세히
329,강영구,배우,1974.11.06(수),48,자세히
328,이동욱,배우,1981.11.06(금),41,자세히
327,지오,가수,1987.11.06(금),35,자세히
326,한혜린,배우,1988.11.06(일),34,자세히
325,유라,가수,1992.11.06(금),30,자세히
324,김윤경,배우,1949.11.07(월),73,자세히
323,정동남,배우,1950.11.07(화),72,자세히
322,서춘화,개그우먼,1972.11.07(화),50,자세히
321,김윤진,배우,1973.11.07(수),49,자세히
320,전현무,방송인,1977.11.07(월),45,자세히
319,지일주,배우,1985.11.07(목),37,자세히
318,김해인,배우,1985.11.08(금),37,자세히
317,전수진,배우,1988.11.08(화),34,자세히
316,최희진,배우,1996.11.08(금),26,자세히
315,권오현,배우,1963.11.09(토),59,자세히
314,정준호,배우,1969.11.09(일),53,자세히
313,김혁,배우,1974.11.09(토),48,자세히
312,박준혁,배우,1975.11.09(일),47,자세히
311,세븐,가수,1984.11.09(금),38,자세히
310,구혜선,배우,1984.11.09(금),38,자세히
309,최윤석,배우,1946.11.10(일),76,자세히
308,윤성호,개그맨,1976.11.10(수),46,자세히
307,원빈,배우,1977.11.10(목),45,자세히
306,윤지혜,배우,1979.11.10(토),43,자세히
305,신유,가수,1982.11.10(수),40,자세히
304,레오,가수,1990.11.10(토),32,자세히
303,김혜윤,배우,1996.11.10(일),26,자세히
302,한정수,배우,1973.11.11(일),49,자세히
301,장명갑,배우,1974.11.11(월),48,자세히
300,허정민,배우,1982.11.11(목),40,자세히
299,이성혜,배우,1988.11.11(금),34,자세히
298,해령,가수,1994.11.11(금),28,자세히
297,여진,가수,2002.11.11(월),20,자세히
296,전창걸,배우,1967.11.12(일),55,자세히
295,크라운제이,가수,1979.11.12(월),43,자세히
294,박산다라,가수,1984.11.12(월),38,자세히
293,정다영,배우,1985.11.12(화),37,자세히
292,왕지원,배우,1988.11.12(토),34,자세히
291,최유정,가수,1999.11.12(금),23,자세히
290,이일재,배우,1960.11.13(일),62,자세히
289,이문식,배우,1967.11.13(월),55,자세히
288,조혜영,배우,1977.11.13(일),45,자세히
287,이혜빈,가수,1985.11.13(수),37,자세히
286,김준구,배우,1985.11.13(수),37,자세히
285,문채원,배우,1986.11.13(목),36,자세히
284,안병경,배우,1947.11.14(금),75,자세히
283,양종철,개그맨,1962.11.14(수),60,자세히
282,조안,배우,1982.11.14(일),40,자세히
281,이상해,코미디언,1945.11.15(목),77,자세히
280,강인덕,배우,1949.11.15(화),73,자세히
279,이정성,배우,1963.11.15(금),59,자세히
278,김뢰하,배우,1965.11.15(월),57,자세히
277,허안나,개그우먼,1984.11.15(목),38,자세히
276,이순재,배우,1934.11.16(금),88,자세히
275,류진,배우,1972.11.16(목),50,자세히
274,김다래,개그우먼,1979.11.16(금),43,자세히
273,김준현,개그맨,1980.11.16(일),42,자세히
272,박형식,가수,1991.11.16(토),31,자세히
271,박민균,가수,1995.11.16(목),27,자세히
270,최진영,가수,1970.11.17(화),52,자세히
269,박한별,배우,1984.11.17(토),38,자세히
268,성제,가수,1986.11.17(월),36,자세히
267,김유현,배우,1987.11.17(화),35,자세히
266,에릭남,가수,1988.11.17(목),34,자세히
265,이경애,개그우먼,1964.11.18(수),58,자세히
264,최재성,배우,1964.11.18(수),58,자세히
263,이정수,개그맨,1979.11.18(일),43,자세히
262,신지,가수,1981.11.18(수),41,자세히
261,윤박,배우,1987.11.18(수),35,자세히
260,진영,가수,1991.11.18(월),31,자세히
259,한소희,배우,1994.11.18(금),28,자세히
258,윤형주,가수,1947.11.19(수),75,자세히
257,이휘향,배우,1960.11.19(토),62,자세히
256,정진영,배우,1964.11.19(목),58,자세히
255,양재희,개그우먼,1975.11.19(수),47,자세히
254,김봉근,배우,1942.11.20(금),80,자세히
253,주병선,가수,1964.11.21(토),58,자세히
252,정재영,배우,1970.11.21(토),52,자세히
251,배성우,배우,1972.11.21(화),50,자세히
250,김동완,가수,1979.11.21(수),43,자세히
249,김희원,개그우먼,1985.11.21(목),37,자세히
248,노형욱,배우,1985.11.21(목),37,자세히
247,김혜지,배우,1992.11.21(토),30,자세히
246,마이크로닷,가수,1993.11.21(일),29,자세히
245,박미경,가수,1965.11.22(월),57,자세히
244,송혜교,배우,1981.11.22(일),41,자세히
243,안용준,배우,1987.11.22(일),35,자세히
242,동우,가수,1990.11.22(목),32,자세히
241,서은광,가수,1990.11.22(목),32,자세히
240,이유비,배우,1990.11.22(목),32,자세히
239,이계진,방송인,1946.11.23(토),76,자세히
238,김경식,가수,1970.11.23(월),52,자세히
237,신성록,배우,1982.11.23(화),40,자세히
236,에디킴,가수,1990.11.23(금),32,자세히
235,노지선,가수,1998.11.23(월),24,자세히
234,권오중,배우,1971.11.24(수),51,자세히
233,김꽃비,배우,1985.11.24(일),37,자세히
232,정은채,배우,1986.11.24(월),36,자세히
231,박혜수,배우,1994.11.24(목),28,자세히
230,조정현,개그맨,1958.11.25(화),64,자세히
229,장영남,배우,1973.11.25(일),49,자세히
228,김형범,배우,1975.11.25(화),47,자세히
227,하현우,가수,1981.11.25(수),41,자세히
226,은서우,배우,1996.11.25(월),26,자세히
225,신동기,배우,1996.11.25(월),26,자세히
224,지우,배우,1997.11.25(화),25,자세히
223,엄인호,가수,1952.11.26(수),70,자세히
222,강신일,배우,1960.11.26(토),62,자세히
221,손진호,배우,1973.11.26(월),49,자세히
220,반효정,배우,1942.11.27(금),80,자세히
219,이태곤,배우,1977.11.27(일),45,자세히
218,신혜성,가수,1979.11.27(화),43,자세히
217,박수진,배우,1985.11.27(수),37,자세히
216,김기리,개그맨,1985.11.27(수),37,자세히
215,김진엽,배우,1988.11.27(일),34,자세히
214,남보라,배우,1989.11.27(월),33,자세히
213,박광남,배우,1943.11.28(일),79,자세히
212,유준상,배우,1969.11.28(금),53,자세히
211,다니엘헤니,배우,1979.11.28(수),43,자세히
210,이용진,개그맨,1985.11.28(목),37,자세히
209,조춘,배우,1940.11.29(금),82,자세히
208,류승룡,배우,1970.11.29(일),52,자세히
207,신동미,배우,1977.11.29(화),45,자세히
206,천정명,배우,1980.11.29(토),42,자세히
205,이승주,배우,1982.11.29(월),40,자세히
204,이규형,배우,1983.11.29(화),39,자세히
203,지현우,배우,1984.11.29(목),38,자세히
202,박시현,가수,1986.11.29(토),36,자세히
201,이민혁,가수,1990.11.29(목),32,자세히
200,허참,방송인,1949.11.30(수),73,자세히
199,최란,배우,1960.11.30(수),62,자세히
198,김용만,개그맨,1967.11.30(목),55,자세히
197,임창정,가수,1973.11.30(금),49,자세히
196,장기영,개그맨,1982.11.30(화),40,자세히
195,김지민,개그우먼,1984.11.30(금),38,자세히
194,이소윤,배우,1985.11.30(토),37,자세히
193,방은희,배우,1967.12.01(금),55,자세히
192,미나,가수,1972.12.01(금),50,자세히
191,이한철,가수,1972.12.01(금),50,자세히
190,박완규,가수,1973.12.01(토),49,자세히
189,김재범,배우,1979.12.01(토),43,자세히
188,박효신,가수,1981.12.01(화),41,자세히
187,임시완,가수,1988.12.01(목),34,자세히
186,정채연,가수,1997.12.01(월),25,자세히
185,양현석,가수,1969.12.02(화),53,자세히
184,최성국,배우,1970.12.02(수),52,자세히
183,송하윤,배우,1986.12.02(화),36,자세히
182,백준기,배우,1952.12.03(수),70,자세히
181,김건호,배우,1951.12.04(화),71,자세히
180,이성민,배우,1968.12.04(수),54,자세히
179,김희정,배우,1970.12.04(금),52,자세히
178,김병선,개그맨,1987.12.04(금),35,자세히
177,윤주,배우,1989.12.04(월),33,자세히
176,진,가수,1992.12.04(금),30,자세히
175,미나,가수,1999.12.04(토),23,자세히
174,김도연,가수,1999.12.04(토),23,자세히
173,김영옥,배우,1937.12.05(일),85,자세히
172,홍세민,가수,1950.12.05(화),72,자세히
171,이승철,가수,1966.12.05(월),56,자세히
170,경수진,배우,1987.12.05(토),35,자세히
169,김예원,가수,1989.12.05(화),33,자세히
168,유리,배우,1989.12.05(화),33,자세히
167,김보화,개그우먼,1962.12.06(목),60,자세히
166,염경환,개그맨,1970.12.06(일),52,자세히
165,류담,개그맨,1979.12.06(목),43,자세히
164,타이미,가수,1985.12.06(금),37,자세히
163,홍서범,가수,1958.12.07(일),64,자세히
162,황기순,개그맨,1963.12.07(토),59,자세히
161,전미선,배우,1970.12.07(월),52,자세히
160,정인,가수,1980.12.07(일),42,자세히
159,도건우,가수,1964.12.08(화),58,자세히
158,김광규,배우,1967.12.08(금),55,자세히
157,박지영,배우,1968.12.08(일),54,자세히
156,이의정,배우,1975.12.08(월),47,자세히
155,그레이,가수,1986.12.08(월),36,자세히
154,양세찬,개그맨,1986.12.08(월),36,자세히
153,이유영,배우,1989.12.08(금),33,자세히
152,배수빈,배우,1976.12.09(목),46,자세히
151,한상진,배우,1977.12.09(금),45,자세히
150,기태영,배우,1978.12.09(토),44,자세히
149,정범균,개그맨,1986.12.09(화),36,자세히
148,정희철,가수,1989.12.09(토),33,자세히
147,최민호,가수,1991.12.09(월),31,자세히
146,남능미,배우,1946.12.10(화),76,자세히
145,행주,가수,1986.12.10(수),36,자세히
144,강다니엘,가수,1996.12.10(화),26,자세히
143,JK김동욱,가수,1975.12.11(목),47,자세히
142,조동혁,배우,1978.12.11(월),44,자세히
141,송재희,배우,1979.12.11(화),43,자세히
140,온주완,배우,1983.12.11(일),39,자세히
139,효린,가수,1990.12.11(화),32,자세히
138,이경영,배우,1960.12.12(월),62,자세히
137,이금희,방송인,1966.12.12(월),56,자세히
136,큐리,가수,1986.12.12(금),36,자세히
135,은정,가수,1988.12.12(월),34,자세히
134,은정,가수,1988.12.12(월),34,자세히
133,승리,가수,1990.12.12(수),32,자세히
132,독고영재,배우,1953.12.13(일),69,자세히
131,배영만,개그맨,1959.12.13(일),63,자세히
130,정수라,가수,1963.12.13(금),59,자세히
129,이승환,가수,1965.12.13(월),57,자세히
128,이희구,개그우먼,1967.12.13(수),55,자세히
127,김정태,배우,1972.12.13(수),50,자세히
126,고세원,배우,1977.12.13(화),45,자세히
125,장승조,배우,1981.12.13(일),41,자세히
124,신국,배우,1947.12.14(일),75,자세히
123,이수영,가수,1951.12.14(금),71,자세히
122,이선희,가수,1964.12.14(월),58,자세히
121,정혜영,배우,1973.12.14(금),49,자세히
120,허지웅,방송인,1979.12.14(금),43,자세히
119,김보정,배우,1988.12.14(수),34,자세히
118,온유,가수,1989.12.14(목),33,자세히
117,비범,가수,1990.12.14(금),32,자세히
116,정헌범,개그맨,1958.12.15(월),64,자세히
115,조영진,배우,1962.12.15(토),60,자세히
114,이정재,배우,1972.12.15(금),50,자세히
113,유승준,가수,1976.12.15(수),46,자세히
112,이재윤,배우,1984.12.15(토),38,자세히
111,김대명,배우,1980.12.16(화),42,자세히
110,백봉기,배우,1980.12.16(화),42,자세히
109,박서준,배우,1988.12.16(금),34,자세히
108,한지일,배우,1947.12.17(수),75,자세히
107,길용우,배우,1955.12.17(토),67,자세히
106,김의성,배우,1965.12.17(금),57,자세히
105,김미성,배우,1974.12.17(화),48,자세히
104,이원구,개그맨,1983.12.17(토),39,자세히
103,제시,가수,1988.12.17(토),34,자세히
102,이재진,배우,1991.12.17(화),31,자세히
101,금조,가수,1992.12.17(목),30,자세히
100,조경수,가수,1948.12.18(토),74,자세히
99,윤미라,배우,1951.12.18(화),71,자세히
98,최수종,배우,1962.12.18(화),60,자세히
97,이신애,배우,1989.12.18(월),33,자세히
96,박성원,가수,2003.12.18(목),19,자세히
95,김종진,가수,1962.12.19(수),60,자세히
94,지승현,배우,1982.12.19(일),40,자세히
93,이설아,배우,1986.12.19(금),36,자세히
92,용준형,가수,1989.12.19(화),33,자세히
91,양영준,배우,1940.12.20(금),82,자세히
90,오승근,가수,1951.12.20(목),71,자세히
89,권영찬,개그맨,1969.12.20(토),53,자세히
88,서동갑,배우,1975.12.20(토),47,자세히
87,장혁,배우,1976.12.20(월),46,자세히
86,윤계상,배우,1978.12.20(수),44,자세히
85,전승배,개그맨,1987.12.20(일),35,자세히
84,이달,배우,1987.12.20(일),35,자세히
83,강봉성,배우,1989.12.20(수),33,자세히
82,이세영,배우,1992.12.20(일),30,자세히
81,황정리,배우,1944.12.21(목),78,자세히
80,배인순,가수,1948.12.21(화),74,자세히
79,강원래,가수,1969.12.21(일),53,자세히
78,이광조,가수,1952.12.22(월),70,자세히
77,이혜영,가수,1971.12.22(수),51,자세히
76,박준형,개그맨,1975.12.22(월),47,자세히
75,데니안,가수,1978.12.22(금),44,자세히
74,이은주,배우,1980.12.22(월),42,자세히
73,문별,가수,1992.12.22(화),30,자세히
72,김혜리,배우,1969.12.23(화),53,자세히
71,홍진경,모델,1977.12.23(금),45,자세히
70,여욱환,배우,1979.12.23(일),43,자세히
69,한예리,배우,1984.12.23(일),38,자세히
68,재효,가수,1990.12.23(일),32,자세히
67,양세종,배우,1992.12.23(수),30,자세히
66,박유나,배우,1997.12.23(화),25,자세히
65,박상조,배우,1945.12.24(월),77,자세히
64,선우은숙,배우,1959.12.24(목),63,자세히
63,조금산,배우,1963.12.24(화),59,자세히
62,최진실,배우,1968.12.24(화),54,자세히
61,옥소리,배우,1968.12.24(화),54,자세히
60,박수림,개그우먼,1972.12.24(일),50,자세히
59,황수정,배우,1972.12.24(일),50,자세히
58,윤미영,배우,1975.12.24(수),47,자세히
57,길,가수,1977.12.24(토),45,자세히
56,조현철,배우,1986.12.24(수),36,자세히
55,김재경,배우,1988.12.24(토),34,자세히
54,박진주,배우,1988.12.24(토),34,자세히
53,윤수현,가수,1988.12.24(토),34,자세히
52,배다빈,배우,1993.12.24(금),29,자세히
51,이성미,개그우먼,1959.12.25(금),63,자세히
50,안내상,배우,1964.12.25(금),58,자세히
49,견미리,배우,1964.12.25(금),58,자세히
48,최수린,배우,1974.12.25(수),48,자세히
47,김준호,개그맨,1975.12.25(목),47,자세히
46,엄지원,배우,1977.12.25(일),45,자세히
45,가희,배우,1980.12.25(목),42,자세히
44,김지호,개그맨,1981.12.25(금),41,자세히
43,도상우,배우,1987.12.25(금),35,자세히
42,이정윤,배우,1988.12.25(일),34,자세히
41,로꼬,가수,1989.12.25(월),33,자세히
40,김민규,배우,1994.12.25(일),28,자세히
39,박용식,배우,1946.12.26(목),76,자세히
38,임창제,가수,1951.12.26(수),71,자세히
37,지상렬,개그맨,1970.12.26(토),52,자세히
36,이재황,배우,1976.12.26(일),46,자세히
35,조정석,배우,1980.12.26(금),42,자세히
34,이도연,배우,1985.12.26(목),37,자세히
33,배삼룡,개그맨,1926.12.27(월),96,자세히
32,차화연,배우,1960.12.27(화),62,자세히
31,이창명,개그맨,1969.12.27(토),53,자세히
30,최승경,개그맨,1971.12.27(월),51,자세히
29,택연,가수,1988.12.27(화),34,자세히
28,민찬기,배우,1989.12.27(수),33,자세히
27,공호석,배우,1946.12.28(토),76,자세히
26,김형일,배우,1960.12.28(수),62,자세히
25,장재영,개그맨,1976.12.28(화),46,자세히
24,나르샤,가수,1981.12.28(월),41,자세히
23,최웅,배우,1986.12.28(일),36,자세히
22,이소라,가수,1969.12.29(월),53,자세히
21,이휘재,개그맨,1972.12.29(금),50,자세히
20,라윤경,개그우먼,1975.12.29(월),47,자세히
19,송영길,개그맨,1984.12.29(토),38,자세히
18,왕지혜,배우,1985.12.29(일),37,자세히
17,김해숙,배우,1955.12.30(금),67,자세히
16,소명,가수,1958.12.30(화),64,자세히
15,윤다훈,배우,1964.12.30(수),58,자세히
14,구본웅,배우,1974.12.30(월),48,자세히
13,케이윌,가수,1981.12.30(수),41,자세히
12,오지은,배우,1981.12.30(수),41,자세히
11,한기웅,배우,1987.12.30(수),35,자세히
10,전성우,배우,1987.12.30(수),35,자세히
9,한기원,배우,1987.12.30(수),35,자세히
8,윤보라,배우,1989.12.30(토),33,자세히
7,뷔,가수,1995.12.30(토),27,자세히
6,임현식,배우,1945.12.31(월),77,자세히
5,김보연,배우,1957.12.31(화),65,자세히
4,남성진,배우,1970.12.31(목),52,자세히
3,정석용,배우,1970.12.31(목),52,자세히
2,허동환,개그맨,1971.12.31(금),51,자세히
1,싸이,가수,1977.12.31(토),45,자세히
